Filename,Asserted Language,Detected Language,Probability
IISc_VaaniProject_M_CG_Sukma_Desh73633_1506090000_CGSKHE_304768_1237_4192.wav,GONDI,Sinhala,0.16824409365653992
IISc_VaaniProject_M_CG_Bastar_46978407_0716160000_CGBTFR_270657_882_5236.wav,GONDI,Kannada,0.8692308664321899
IISc_VaaniProject_M_CG_Sukma_Desh73633_1457160000_CGSKOTHER_304558_12992_16426.wav,GONDI,Somali,0.041067708283662796
IISc_VaaniProject_M_CG_Sukma_Dish10193_0437500000_CGSKWAF_18841_5045_6848.wav,GONDI,Sinhala,0.07602296024560928
IISc_VaaniProject_M_CG_Sukma_Bavn09552_0609210000_KTCMFN_248837_12906_16170.wav,GONDI,Oromo,0.5461944937705994
IISc_VaaniProject_M_CG_Sukma_Desh73633_1502090000_BHJMCC_162228_19722_21504.wav,GONDI,Maori,0.038264017552137375
IISc_VaaniProject_M_CG_Sukma_Dish10193_0518420000_CGSKPL_129258_885_7957.wav,GONDI,Aheri Gondi,0.5741280913352966
IISc_VaaniProject_M_CG_Sukma_Bhim16473_0543160000_CGBTCA_79589_15712_18154.wav,GONDI,Gunwinggu,0.1498275250196457
IISc_VaaniProject_M_CG_Sukma_Bhim16473_1557230000_TGNLREI_203829_4960_11690.wav,GONDI,Telugu,0.8024998307228088
IISc_VaaniProject_M_CG_Sukma_Saro32104_0746070000_KTDKAEV_62647_213_12448.wav,GONDI,Telugu,0.4568520784378052
IISc_VaaniProject_M_CG_Sukma_Mang32629_1839420000_CGSKOTHER_304731_18826_20181.wav,GONDI,Gunwinggu,0.17128658294677734
IISc_VaaniProject_M_CG_Sukma_Bhim16473_0508180000_TGKPR_211559_5813_10603.wav,GONDI,Wolof,0.03814464807510376
IISc_VaaniProject_M_CG_Sukma_Dish10193_0503490000_CGSKTES_216912_10976_16106.wav,GONDI,Aheri Gondi,0.078921839594841
IISc_VaaniProject_M_CG_Sukma_Desh73633_1448110000_CGSKHE_304562_8533_12821.wav,GONDI,Gunwinggu,0.19438734650611877
IISc_VaaniProject_M_CG_Sukma_Bhim16473_1559190000_CGBTEV_241622_11338_24576.wav,GONDI,Aheri Gondi,0.44753578305244446
IISc_VaaniProject_M_CG_Sukma_Some64088_0725470000_CGSKAC_274647_17802_20106.wav,GONDI,Malayalam,0.162977397441864
IISc_VaaniProject_M_CG_Sukma_Bhim16473_0533340000_CGSKGA_216334_469_13054.wav,GONDI,Telugu,0.9380480051040649
IISc_VaaniProject_M_CG_Sukma_Dish10193_0457370000_CGSKGA_23435_12800_17173.wav,GONDI,Aheri Gondi,0.5605089664459229
IISc_VaaniProject_M_CG_Sukma_Mang32629_1846460000_CGSKOTHER_304701_19765_20821.wav,GONDI,Kabuverdianu,0.07386195659637451
IISc_VaaniProject_M_CG_Sukma_Hidm97368_0825420000_KTBBU_320254_476_3773.wav,GONDI,Telugu,0.4108043313026428
IISc_VaaniProject_M_CG_Sukma_Desh73633_1450100000_BHGJFR_4822_2229_4576.wav,GONDI,Norwegian Nynorsk,0.14302393794059753
IISc_VaaniProject_M_CG_Sukma_Saro32104_1015450000_CGSKFT_372473_14005_17920.wav,GONDI,Kannada,0.6323148608207703
IISc_VaaniProject_M_CG_Sukma_Kosi31141_0717350000_CGSKPG_274753_7989_21365.wav,GONDI,Aheri Gondi,0.7451231479644775
IISc_VaaniProject_M_CG_Sukma_Bhim16473_0532090000_BHVSAUR_219544_16768_22784.wav,GONDI,Mandara,0.03280060365796089
IISc_VaaniProject_M_CG_Sukma_Saro32104_0715540000_CGSKSP_372923_6549_9088.wav,GONDI,Aheri Gondi,0.15752021968364716
IISc_VaaniProject_M_CG_Sukma_Mano67906_1505190000_CGSKOTHER_372934_1344_13632.wav,GONDI,Maria (India),0.18707934021949768
IISc_VaaniProject_M_CG_Bastar_46978407_0730100000_CGBTGY_45843_9024_16501.wav,GONDI,Telugu,0.5815120339393616
IISc_VaaniProject_M_CG_Sukma_Mang32629_1839420000_CGSKOTHER_304731_608_8960.wav,GONDI,Aheri Gondi,0.20075088739395142
IISc_VaaniProject_M_CG_Sukma_Bavn09552_0619530000_UPVNHIC_11396_17802_19882.wav,GONDI,Aheri Gondi,0.23664408922195435
IISc_VaaniProject_M_CG_Sukma_Ritu67523_0954130000_CGSKOTHER_105006_4352_14325.wav,GONDI,Aheri Gondi,0.7891097664833069
IISc_VaaniProject_M_CG_Sukma_Ritu67523_0208530000_CGBTTES_52048_736_7936.wav,GONDI,Wolof,0.11239943653345108
IISc_VaaniProject_M_CG_Sukma_Kosi31141_0725050000_CGSKRE_18819_5152_17781.wav,GONDI,Aheri Gondi,0.4073542654514313
IISc_VaaniProject_M_CG_Sukma_Kosi31141_0717350000_CGSKPG_274753_4533_6613.wav,GONDI,Wolof,0.1242949441075325
IISc_VaaniProject_M_CG_Sukma_Dish10193_0503490000_CGSKTES_216912_8768_10538.wav,GONDI,Buginese,0.061162691563367844
IISc_VaaniProject_M_CG_Sukma_Dish10193_0503490000_CGSKTES_216912_18016_22528.wav,GONDI,Sinhala,0.4699486494064331
IISc_VaaniProject_M_CG_Sukma_Desh73633_1503380000_CGSKOTHER_304506_18901_20074.wav,GONDI,Somali,0.1275862753391266
IISc_VaaniProject_M_CG_Sukma_Bhim16473_1545140000_CGSKBUPS_282841_17365_20928.wav,GONDI,Wolof,0.07016321271657944
IISc_VaaniProject_M_CG_Sukma_Some64088_0300120000_CGSKBR_372394_8085_13866.wav,GONDI,Murrinh-Patha,0.09562636911869049
IISc_VaaniProject_M_CG_Sukma_Dish10193_0520450000_CGSKFR_139590_8650_14421.wav,GONDI,Aheri Gondi,0.024404091760516167
IISc_VaaniProject_M_CG_Sukma_Saro32104_1055460000_CGSKOTHER_304753_1504_18528.wav,GONDI,Telugu,0.9968096613883972
IISc_VaaniProject_M_CG_Sukma_Dish10193_0502340000_CGKDRE_206_14090_15925.wav,GONDI,Byangsi,0.02571711130440235
IISc_VaaniProject_M_CG_Sukma_Bhim16473_0547360000_CGSKFT_372463_1333_9685.wav,GONDI,Wolof,0.15997815132141113
IISc_VaaniProject_M_CG_Sukma_Desh73633_1503380000_CGSKOTHER_304506_1258_5514.wav,GONDI,Sindhi,0.13505421578884125
IISc_VaaniProject_M_CG_Bastar_46978407_0712350000_TGKRE_7930_1776_6919.wav,GONDI,Kannada,0.8683308959007263
IISc_VaaniProject_M_CG_Sukma_Bhim16473_0509100000_CGSKOTHER_282819_8000_19467.wav,GONDI,Telugu,0.7854457497596741
IISc_VaaniProject_M_CG_Sukma_Saro32104_1055460000_CGSKOTHER_304753_19114_24320.wav,GONDI,Tamil,0.5555083155632019
IISc_VaaniProject_M_CG_Sukma_Dish10193_0451500000_CGKDSH_130300_15701_17930.wav,GONDI,Irula,0.08260533958673477
IISc_VaaniProject_M_CG_Sukma_Bavn09552_0447140000_WBMLMA_8835_11189_13621.wav,GONDI,Sinhala,0.058592259883880615
IISc_VaaniProject_M_CG_Sukma_Dish10193_0455020000_CGSKBC_188559_6666_9322.wav,GONDI,Aheri Gondi,0.3880294859409332
IISc_VaaniProject_M_CG_Sukma_Hidm97368_0830240000_CGBTCH_207521_16637_21248.wav,GONDI,Aheri Gondi,0.3895844519138336
IISc_VaaniProject_M_CG_Sukma_Dish10193_0451500000_CGKDSH_130300_5632_8629.wav,GONDI,Telugu,0.5812562108039856
IISc_VaaniProject_M_CG_Sukma_Some64088_0734070000_CGSKOTHER_304721_11808_21994.wav,GONDI,Aheri Gondi,0.08853447437286377
IISc_VaaniProject_M_CG_Sukma_Desh73633_1507000000_APVEV_115975_9386_11733.wav,GONDI,Murrinh-Patha,0.026030341163277626
IISc_VaaniProject_M_CG_Sukma_Desh73633_1507000000_APVEV_115975_5077_8586.wav,GONDI,Sinhala,0.5423089861869812
IISc_VaaniProject_M_CG_Sukma_Desh73633_1453070000_BHARBR_352032_10208_12938.wav,GONDI,Sinhala,0.05808043107390404
IISc_VaaniProject_M_CG_Bastar_46978407_0713350000_UPVNTA_191425_1323_14628.wav,GONDI,Kannada,0.9862711429595947
IISc_VaaniProject_M_CG_Bastar_46978407_0728510000_CGBTEV_167000_2496_7808.wav,GONDI,Kannada,0.7374073266983032
IISc_VaaniProject_M_CG_Sukma_Bavn09552_0605320000_BHGJTO_192503_15680_17674.wav,GONDI,Murrinh-Patha,0.01600871980190277
IISc_VaaniProject_M_CG_Sukma_Bavn09552_0444330000_TGNLST_11812_12352_16618.wav,GONDI,Murrinh-Patha,0.028920700773596764
IISc_VaaniProject_M_CG_Bastar_46978407_0739500000_APVCOS_115849_10165_18666.wav,GONDI,Kannada,0.16893161833286285
IISc_VaaniProject_M_CG_Sukma_Bhim16473_1547180000_CGSKCH_305164_714_8821.wav,GONDI,Aheri Gondi,0.3084058463573456
IISc_VaaniProject_M_CG_Sukma_Mano67906_1722400000_CGBTBK_252759_9290_13034.wav,GONDI,Waata,0.06258281320333481
IISc_VaaniProject_M_CG_Sukma_Ritu67523_0203080000_CGSKRI_24141_661_3104.wav,GONDI,Telugu,0.266574889421463
IISc_VaaniProject_M_CG_Sukma_Dish10193_0459140000_BHGJDAF_192351_5952_10368.wav,GONDI,Aheri Gondi,0.515799880027771
IISc_VaaniProject_M_CG_Sukma_Kosi31141_0525470000_CGSKOTHER_372257_15487_23754.wav,GONDI,Kannada,0.8911565542221069
IISc_VaaniProject_M_CG_Sukma_Saro32104_0705170000_CGSKSH_130365_15274_24576.wav,GONDI,Aheri Gondi,0.2579250931739807
IISc_VaaniProject_M_CG_Sukma_Ritu67523_0215530000_BHGGFE_363820_22133_24480.wav,GONDI,Minangkabau,0.11047747731208801
IISc_VaaniProject_M_CG_Sukma_Bavn09552_0609590000_CGSKHIS_188730_12853_14229.wav,GONDI,Gunwinggu,0.06890083104372025
IISc_VaaniProject_M_CG_Sukma_Some64088_0737200000_CGSKDM_304577_14016_23040.wav,GONDI,Kannada,0.966336727142334
IISc_VaaniProject_M_CG_Sukma_Mano67906_1434210000_BHVSFA_338525_19936_23808.wav,GONDI,Aheri Gondi,0.11944520473480225
IISc_VaaniProject_M_CG_Sukma_Malt77438_0445030000_CGSKRE_205513_7626_17258.wav,GONDI,Aheri Gondi,0.6363680958747864
IISc_VaaniProject_M_CG_Sukma_Bavn09552_0439230000_CGBTDAF_206407_8085_12170.wav,GONDI,Murrinh-Patha,0.08590251952409744
IISc_VaaniProject_M_CG_Sukma_Bavn09552_0619530000_UPVNHIC_11396_6058_10517.wav,GONDI,Kannada,0.6287856698036194
IISc_VaaniProject_M_CG_Sukma_Bavn09552_0611200000_KTCMDAF_300675_21258_24064.wav,GONDI,Telugu,0.9911674857139587
IISc_VaaniProject_M_CG_Sukma_Bhim16473_1600090000_APVCS_160307_7573_13677.wav,GONDI,Marathi,0.13531601428985596
IISc_VaaniProject_M_CG_Sukma_Saro32104_0720100000_APCTDAF_173707_309_8789.wav,GONDI,Kannada,0.9546434879302979
IISc_VaaniProject_M_CG_Sukma_Bhim16473_0508180000_TGKPR_211559_11818_18090.wav,GONDI,Aheri Gondi,0.09738574922084808
IISc_VaaniProject_M_CG_Sukma_Mano67906_1505190000_CGSKOTHER_372934_14090_24832.wav,GONDI,Aheri Gondi,0.48238396644592285
IISc_VaaniProject_M_CG_Bastar_46978407_0752300000_CGBTMOT_46006_5824_11125.wav,GONDI,Kannada,0.9450350403785706
IISc_VaaniProject_M_CG_Sukma_Desh73633_1448110000_CGSKHE_304562_5557_7402.wav,GONDI,Betta Kurumba,0.030514048412442207
IISc_VaaniProject_M_CG_Sukma_Bavn09552_0602150000_CGSKAMP_372169_5610_8341.wav,GONDI,Kazakh,0.43469640612602234
IISc_VaaniProject_M_CG_Sukma_Mang32629_1835480000_HEC_143649_12042_15477.wav,GONDI,Wolof,0.09559418261051178
IISc_VaaniProject_M_CG_Sukma_Hidm97368_0827590000_APCTCH_82434_13839_19342.wav,GONDI,Aheri Gondi,0.2643166184425354
IISc_VaaniProject_M_CG_Sukma_Bavn09552_0604430000_CGSKSC_304857_341_4832.wav,GONDI,Wolof,0.14456884562969208
IISc_VaaniProject_M_CG_Sukma_Bhim16473_1603100000_TGKSEP_83936_650_15189.wav,GONDI,Telugu,0.4591183364391327
IISc_VaaniProject_M_CG_Sukma_Mano67906_1510150000_CGSKMUA_282948_16458_23349.wav,GONDI,Aheri Gondi,0.08915134519338608
IISc_VaaniProject_M_CG_Sukma_Bavn09552_0621200000_CGSKFR_24935_6144_8042.wav,GONDI,Telugu,0.24167115986347198
IISc_VaaniProject_M_CG_Sukma_Mano67906_1352060000_CGSKMO_24853_8256_10645.wav,GONDI,Aheri Gondi,0.058503877371549606
IISc_VaaniProject_M_CG_Sukma_Bhim16473_0534280000_CGSKMA_304641_7445_17866.wav,GONDI,Telugu,0.934806764125824
IISc_VaaniProject_M_CG_Sukma_Bhim16473_1543250000_CGSKML_372599_11989_20082.wav,GONDI,Aheri Gondi,0.4705269932746887
IISc_VaaniProject_M_CG_Sukma_Bavn09552_0621200000_CGSKFR_24935_149_1717.wav,GONDI,Wolof,0.05156445503234863
IISc_VaaniProject_M_CG_Sukma_Mano67906_1458380000_CGSKAC_372206_10496_23296.wav,GONDI,Aheri Gondi,0.6724135279655457
IISc_VaaniProject_M_CG_Sukma_Mano67906_1408400000_CGSKAMP_372159_11338_23552.wav,GONDI,Kannada,0.4593007266521454
IISc_VaaniProject_M_CG_Bastar_46978407_0716560000_CGBTDA_301859_13885_15928.wav,GONDI,Albanian,0.8017083406448364
IISc_VaaniProject_M_CG_Sukma_Desh73633_1506090000_CGSKHE_304768_7776_9440.wav,GONDI,Persian,0.056298594921827316
IISc_VaaniProject_M_CG_Sukma_Ritu67523_1002330000_UPVNGOB_3296_746_11104.wav,GONDI,Telugu,0.9816400408744812
IISc_VaaniProject_M_CG_Sukma_Bhim16473_1549260000_CGSKCA_304436_15285_17888.wav,GONDI,Pushto,0.029819907620549202
IISc_VaaniProject_M_CG_Bastar_46978407_0752300000_CGBTMOT_46006_597_5184.wav,GONDI,Telugu,0.6694394946098328
IISc_VaaniProject_M_CG_Bastar_46978407_0704460000_BHVSFE_338579_1718_8266.wav,GONDI,Kannada,0.939146101474762
IISc_VaaniProject_M_CG_Sukma_Bavn09552_0607010000_CGSKCH_304519_3157_7328.wav,GONDI,Telugu,0.950509250164032
IISc_VaaniProject_M_CG_Sukma_Bhim16473_1601220000_CGSKTES_216910_245_6282.wav,GONDI,Sinhala,0.14751167595386505
IISc_VaaniProject_M_CG_Sukma_Saro32104_0720100000_APCTDAF_173707_9333_24554.wav,GONDI,Telugu,0.5361009836196899
IISc_VaaniProject_M_CG_Sukma_Bhim16473_1603100000_TGKSEP_83936_15744_22257.wav,GONDI,Telugu,0.5780590772628784
IISc_VaaniProject_M_CG_Sukma_Saro32104_1041220000_CGSKAC_372211_18677_23530.wav,GONDI,Kannada,0.6984494924545288
IISc_VaaniProject_M_CG_Sukma_Some64088_0729270000_CGSKAC_274642_298_19701.wav,GONDI,Telugu,0.6046543121337891
IISc_VaaniProject_M_CG_Sukma_Dish10193_0503490000_CGSKTES_216912_2581_4277.wav,GONDI,Aheri Gondi,0.2874070703983307
IISc_VaaniProject_M_CG_Sukma_Bavn09552_0612510000_CGSKOTHER_304470_12522_14304.wav,GONDI,Oromo,0.03561533987522125
IISc_VaaniProject_M_CG_Sukma_Desh73633_1453070000_BHARBR_352032_14101_15797.wav,GONDI,Telugu,0.3997291624546051
IISc_VaaniProject_M_CG_Sukma_Bhim16473_1549260000_CGSKCA_304436_11157_14154.wav,GONDI,Telugu,0.18909315764904022
IISc_VaaniProject_M_CG_Sukma_Bhim16473_0540430000_CGSKAC_372216_20228_21987.wav,GONDI,Wik-Mungkan,0.19814573228359222
IISc_VaaniProject_M_CG_Sukma_Desh73633_1437530000_SC_264391_10293_11573.wav,GONDI,Suruí,0.03419577702879906
IISc_VaaniProject_M_CG_Sukma_Desh73633_1458480000_CGSKBO_372325_12608_15552.wav,GONDI,Suruí,0.027363326400518417
IISc_VaaniProject_M_CG_Sukma_Saro32104_0738520000_CGSKAT_304337_12768_22933.wav,GONDI,Aheri Gondi,0.28506430983543396
IISc_VaaniProject_M_CG_Sukma_Saro32104_1017390000_KTBBK_320367_1770_15989.wav,GONDI,Duruwa,0.09208912402391434
IISc_VaaniProject_M_CG_Sukma_Mang32629_1809290000_CGSKSEP_283156_8053_20586.wav,GONDI,Aheri Gondi,0.09676166623830795
IISc_VaaniProject_M_CG_Sukma_Bavn09552_0620290000_CGSKMOT_372762_10240_15616.wav,GONDI,Telugu,0.5664401650428772
IISc_VaaniProject_M_CG_Sukma_Saro32104_0706100000_CGSKLK_24735_1002_8149.wav,GONDI,Maria (India),0.10549406707286835
IISc_VaaniProject_M_CG_Sukma_Some64088_0734570000_CGKDOTHER_301478_14122_23808.wav,GONDI,Aheri Gondi,0.06476593017578125
IISc_VaaniProject_M_CG_Bastar_46978407_0707150000_TGKFOS_41635_673_15592.wav,GONDI,Kannada,0.9503316879272461
IISc_VaaniProject_M_CG_Sukma_Bhim16473_0534280000_CGSKMA_304641_170_7136.wav,GONDI,Telugu,0.7019585967063904
IISc_VaaniProject_M_CG_Sukma_Saro32104_1120100000_APCTFAR_265925_554_17226.wav,GONDI,Telugu,0.8807798624038696
IISc_VaaniProject_M_CG_Sukma_Kosi31141_0723230000_KTDKAFLM_21080_8362_10858.wav,GONDI,Sindhi,0.07393855601549149
IISc_VaaniProject_M_CG_Sukma_Bavn09552_0446280000_MRAFE_256201_14485_19157.wav,GONDI,Telugu,0.9133251309394836
IISc_VaaniProject_M_CG_Sukma_Mano67906_1459500000_CGSKST_305068_12544_23392.wav,GONDI,Kannada,0.2422836422920227
IISc_VaaniProject_M_CG_Sukma_Bavn09552_0609590000_CGSKHIS_188730_3392_5770.wav,GONDI,Javanese,0.44796136021614075
IISc_VaaniProject_M_CG_Sukma_Kosi31141_0708380000_APVEV_115974_5749_21418.wav,GONDI,Aheri Gondi,0.6204490065574646
IISc_VaaniProject_M_CG_Sukma_Mano67906_1358070000_CGSKHIS_188731_13834_22474.wav,GONDI,Dhivehi,0.1577456146478653
IISc_VaaniProject_M_CG_Sukma_Bhim16473_1559190000_CGBTEV_241622_3093_9006.wav,GONDI,Sundanese,0.041264187544584274
IISc_VaaniProject_M_CG_Bastar_46978407_0737400000_CGBTSP_251700_10005_17930.wav,GONDI,Pushto,0.9116224050521851
IISc_VaaniProject_M_CG_Sukma_Desh73633_1457160000_CGSKOTHER_304558_1418_3264.wav,GONDI,Telugu,0.06384004652500153
IISc_VaaniProject_M_CG_Sukma_Bavn09552_0620290000_CGSKMOT_372762_5546_9600.wav,GONDI,Sinhala,0.8905063271522522
IISc_VaaniProject_M_CG_Sukma_Saro32104_0731070000_CGSKZO_188612_12597_21962.wav,GONDI,Kannada,0.9461026787757874
IISc_VaaniProject_M_CG_Sukma_Saro32104_0724540000_CGSKOTHER_304688_13184_20992.wav,GONDI,Aheri Gondi,0.3802379071712494
IISc_VaaniProject_M_CG_Sukma_Saro32104_0746070000_KTDKAEV_62647_13045_22944.wav,GONDI,Aheri Gondi,0.3130515515804291
IISc_VaaniProject_M_CG_Sukma_Ritu67523_0952040000_CGSKML_372594_597_17674.wav,GONDI,Telugu,0.2789751887321472
IISc_VaaniProject_M_CG_Bastar_46978407_0715360000_BHJHAT_310942_7627_14814.wav,GONDI,Pushto,0.4334956109523773
IISc_VaaniProject_M_CG_Sukma_Desh73633_1453070000_BHARBR_352032_4885_8021.wav,GONDI,Estonian,0.06883668154478073
IISc_VaaniProject_M_CG_Sukma_Dish10193_0442460000_UPVNFN_199967_10474_11829.wav,GONDI,Murrinh-Patha,0.02214803732931614
IISc_VaaniProject_M_CG_Sukma_Bhim16473_0541390000_UPVNMT_222607_1845_8940.wav,GONDI,Sinhala,0.0865737572312355
IISc_VaaniProject_M_CG_Sukma_Dish10193_0514420000_CGSKSH_130439_12445_20294.wav,GONDI,Aheri Gondi,0.6534673571586609
IISc_VaaniProject_M_CG_Sukma_Mano67906_1408400000_CGSKAMP_372159_821_10837.wav,GONDI,Maria (India),0.26923856139183044
IISc_VaaniProject_M_CG_Sukma_Bhim16473_1549260000_CGSKCA_304436_18976_20917.wav,GONDI,Telugu,0.26453638076782227
IISc_VaaniProject_M_CG_Sukma_Mano67906_1401050000_UPVNSP_33909_832_12736.wav,GONDI,Aheri Gondi,0.1656619906425476
IISc_VaaniProject_M_CG_Sukma_Bhim16473_1541500000_CGSKREI_283053_682_14506.wav,GONDI,Aheri Gondi,0.5810949206352234
IISc_VaaniProject_M_CG_Sukma_Dish10193_0451500000_CGKDSH_130300_13866_15413.wav,GONDI,Duruwa,0.18252354860305786
IISc_VaaniProject_M_CG_Sukma_Dish10193_0502340000_CGKDRE_206_8234_10592.wav,GONDI,Aheri Gondi,0.6348944902420044
IISc_VaaniProject_M_CG_Sukma_Bavn09552_0611200000_KTCMDAF_300675_12202_16597.wav,GONDI,Telugu,0.6286161541938782
IISc_VaaniProject_M_CG_Sukma_Bavn09552_0607010000_CGSKCH_304519_15285_17589.wav,GONDI,Telugu,0.4245879650115967
IISc_VaaniProject_M_CG_Sukma_Bhim16473_1542360000_CGSKAC_372212_15797_18688.wav,GONDI,Wik-Mungkan,0.09818676859140396
IISc_VaaniProject_M_CG_Sukma_Bavn09552_0609210000_KTCMFN_248837_10240_12437.wav,GONDI,Sindhi,0.030278092250227928
IISc_VaaniProject_M_CG_Sukma_Mano67906_1428570000_CGSKOTHER_304439_1194_8736.wav,GONDI,Telugu,0.08835378289222717
IISc_VaaniProject_M_CG_Sukma_Dish10193_0455020000_CGSKBC_188559_18112_19562.wav,GONDI,Wolof,0.03950061649084091
IISc_VaaniProject_M_CG_Sukma_Bhim16473_0548260000_CGSKPG_274749_9706_20745.wav,GONDI,Kannada,0.936600387096405
IISc_VaaniProject_M_CG_Sukma_Mano67906_1358070000_CGSKHIS_188731_533_12266.wav,GONDI,Telugu,0.29396164417266846
IISc_VaaniProject_M_CG_Sukma_Desh73633_1500310000_CGSKMO_25883_19424_21248.wav,GONDI,Maori,0.14186221361160278
IISc_VaaniProject_M_CG_Sukma_Saro32104_1028090000_CGSKAC_372215_1226_10890.wav,GONDI,Telugu,0.43979254364967346
IISc_VaaniProject_M_CG_Bastar_46978407_0715360000_BHJHAT_310942_406_7174.wav,GONDI,Kannada,0.8613473773002625
IISc_VaaniProject_M_CG_Sukma_Bhim16473_1545140000_CGSKBUPS_282841_15274_16349.wav,GONDI,Kendayan,0.008767974562942982
IISc_VaaniProject_M_CG_Sukma_Kosi31141_0709240000_BHARCLT_352262_18037_19456.wav,GONDI,Aweer,0.024079887196421623
IISc_VaaniProject_M_CG_Sukma_Bhim16473_0509510000_CGSKAC_372221_10496_18656.wav,GONDI,Aheri Gondi,0.5841635465621948
IISc_VaaniProject_M_CG_Sukma_Bhim16473_0542320000_CGSKFA_372457_7125_20480.wav,GONDI,Telugu,0.7458738684654236
IISc_VaaniProject_M_CG_Sukma_Saro32104_0735230000_CGSKOTHER_372849_4202_5738.wav,GONDI,Maay,0.07182230800390244
IISc_VaaniProject_M_CG_Sukma_Malt77438_0311340000_APCTBA_80677_12448_23690.wav,GONDI,Telugu,0.8238704204559326
IISc_VaaniProject_M_CG_Sukma_Malt77438_0449540000_CGSKRAS_188682_17877_19584.wav,GONDI,Kupia,0.34371423721313477
IISc_VaaniProject_M_CG_Sukma_Bhim16473_1554500000_CGSKSP_275453_3989_12147.wav,GONDI,Telugu,0.9031175971031189
IISc_VaaniProject_M_CG_Sukma_Bavn09552_0603200000_CGBTFE_251595_13130_17130.wav,GONDI,Telugu,0.035433463752269745
IISc_VaaniProject_M_CG_Sukma_Dish10193_0452470000_APVAT_191330_10069_12170.wav,GONDI,Telugu,0.14155025780200958
IISc_VaaniProject_M_CG_Sukma_Bhim16473_0540430000_CGSKAC_372216_12192_19096.wav,GONDI,Telugu,0.5865254402160645
IISc_VaaniProject_M_CG_Sukma_Bhim16473_0536360000_CGSKBR_188644_10592_17181.wav,GONDI,Sinhala,0.1003500297665596
IISc_VaaniProject_M_CG_Sukma_Bhim16473_1608380000_CGSKFR_24907_480_4807.wav,GONDI,Kannada,0.9547461867332458
IISc_VaaniProject_M_CG_Sukma_Mano67906_1425120000_BHGGBC_363564_938_12874.wav,GONDI,Aheri Gondi,0.30703267455101013
IISc_VaaniProject_M_CG_Sukma_Some64088_0730080000_BHGGFE_363807_5994_13930.wav,GONDI,Aheri Gondi,0.2816437780857086
IISc_VaaniProject_M_CG_Sukma_Dish10193_0455440000_BHVSCOHW_338395_3509_5333.wav,GONDI,Aheri Gondi,0.4154653549194336
IISc_VaaniProject_M_CG_Sukma_Dish10193_0457370000_CGSKGA_23435_746_3402.wav,GONDI,Kannada,0.21644991636276245
IISc_VaaniProject_M_CG_Sukma_Bavn09552_0442260000_DAF_251821_9866_14581.wav,GONDI,Kannada,0.9293686747550964
IISc_VaaniProject_M_CG_Sukma_Desh73633_1503380000_CGSKOTHER_304506_15157_17109.wav,GONDI,Sinhala,0.6771824359893799
IISc_VaaniProject_M_CG_Sukma_Some64088_0725470000_CGSKAC_274647_8341_15584.wav,GONDI,Telugu,0.5482088327407837
IISc_VaaniProject_M_CG_Sukma_Kosi31141_0525470000_CGSKOTHER_372257_290_14373.wav,GONDI,Aheri Gondi,0.6873912215232849
IISc_VaaniProject_M_CG_Sukma_Ritu67523_0205310000_MRDBIS_298865_16992_24576.wav,GONDI,Telugu,0.5795096755027771
IISc_VaaniProject_M_CG_Sukma_Bavn09552_0444330000_TGNLST_11812_4928_7690.wav,GONDI,Tamil,0.2992401719093323
IISc_VaaniProject_M_CG_Bastar_46978407_0737400000_CGBTSP_251700_842_9312.wav,GONDI,Kannada,0.9743364453315735
IISc_VaaniProject_M_CG_Sukma_Mano67906_1427350000_MRADA_81292_874_15946.wav,GONDI,Aheri Gondi,0.21742483973503113
IISc_VaaniProject_M_CG_Sukma_Saro32104_1044300000_CGSKBC_372388_14133_18570.wav,GONDI,Telugu,0.18285340070724487
IISc_VaaniProject_M_CG_Sukma_Dish10193_0451500000_CGKDSH_130300_18250_20522.wav,GONDI,Aheri Gondi,0.3257341682910919
IISc_VaaniProject_M_CG_Sukma_Mang32629_1846460000_CGSKOTHER_304701_12661_16085.wav,GONDI,Kupia,0.10770716518163681
IISc_VaaniProject_M_CG_Sukma_Desh73633_1503380000_CGSKOTHER_304506_7306_11818.wav,GONDI,Aheri Gondi,0.06408566236495972
IISc_VaaniProject_M_CG_Bastar_46978407_0716560000_CGBTDA_301859_1776_12225.wav,GONDI,Kannada,0.9155486226081848
IISc_VaaniProject_M_CG_Sukma_Mano67906_1722400000_CGBTBK_252759_14730_24320.wav,GONDI,Telugu,0.32456573843955994
IISc_VaaniProject_M_CG_Sukma_Kosi31141_0718320000_CGSKHIS_188738_960_13866.wav,GONDI,Kannada,0.3696550130844116
IISc_VaaniProject_M_CG_Sukma_Hidm97368_0825010000_CGSKCS_274665_2054_17995.wav,GONDI,Telugu,0.29685187339782715
IISc_VaaniProject_M_CG_Sukma_Bavn09552_0439230000_CGBTDAF_206407_4117_7445.wav,GONDI,Panjabi,0.7762911319732666
IISc_VaaniProject_M_CG_Sukma_Mano67906_1720140000_CGSKMT_282918_1130_6165.wav,GONDI,Aweer,0.06579291075468063
IISc_VaaniProject_M_CG_Sukma_Mano67906_1435360000_CGSKTA_198483_661_12938.wav,GONDI,Kannada,0.6937253475189209
IISc_VaaniProject_M_CG_Sukma_Mano67906_1406020000_WBN24PSTF_155988_12000_23242.wav,GONDI,Telugu,0.6362850069999695
IISc_VaaniProject_M_CG_Sukma_Some64088_0303300000_BHVSCOHW_338404_8277_23946.wav,GONDI,Aheri Gondi,0.44783085584640503
IISc_VaaniProject_M_CG_Bastar_46978407_0728510000_CGBTEV_167000_8213_13546.wav,GONDI,Kannada,0.98737633228302
IISc_VaaniProject_M_CG_Sukma_Dish10193_0455440000_BHVSCOHW_338395_10122_12597.wav,GONDI,Wolof,0.046282004565000534
IISc_VaaniProject_M_CG_Sukma_Desh73633_1453070000_BHARBR_352032_1386_4362.wav,GONDI,Aweer,0.038746219128370285
IISc_VaaniProject_M_CG_Sukma_Malt77438_0440270000_CGSKGOB_198556_7349_24064.wav,GONDI,Telugu,0.7450374364852905
IISc_VaaniProject_M_CG_Sukma_Saro32104_0715540000_CGSKSP_372923_10410_19168.wav,GONDI,Aheri Gondi,0.5831696391105652
IISc_VaaniProject_M_CG_Sukma_Desh73633_1502090000_BHJMCC_162228_5898_8042.wav,GONDI,Telugu,0.3297728896141052
IISc_VaaniProject_M_CG_Bastar_46978407_0712350000_TGKRE_7930_9241_14791.wav,GONDI,Kannada,0.9788076877593994
IISc_VaaniProject_M_CG_Sukma_Bhim16473_0509510000_CGSKAC_372221_19904_21441.wav,GONDI,Javanese,0.031172901391983032
IISc_VaaniProject_M_CG_Sukma_Bavn09552_0607560000_BHGGFA_363766_5909_9301.wav,GONDI,Telugu,0.28232190012931824
IISc_VaaniProject_M_CG_Sukma_Dish10193_0449200000_CGSKMA_304638_14080_15968.wav,GONDI,Kannada,0.2167513221502304
IISc_VaaniProject_M_CG_Sukma_Hidm97368_0827590000_APCTCH_82434_20538_23552.wav,GONDI,Telugu,0.08752025663852692
IISc_VaaniProject_M_CG_Sukma_Saro32104_0805560000_CGBMEX_346522_11808_20224.wav,GONDI,Aheri Gondi,0.46332040429115295
IISc_VaaniProject_M_CG_Sukma_Kosi31141_0715040000_BHJHBA_311155_10154_20992.wav,GONDI,Aheri Gondi,0.5973369479179382
IISc_VaaniProject_M_CG_Sukma_Mang32629_1801150000_CGSKOTHER_372714_586_7541.wav,GONDI,Aheri Gondi,0.15477587282657623
IISc_VaaniProject_M_CG_Sukma_Bavn09552_0613390000_UPVNBR_11372_3637_7146.wav,GONDI,Uripiv-Wala-Rano-Atchin,0.41112518310546875
IISc_VaaniProject_M_CG_Sukma_Bavn09552_0614190000_KTCMFLM_300562_5557_8405.wav,GONDI,Tatar,0.03234130144119263
IISc_VaaniProject_M_CG_Sukma_Saro32104_0648260000_CGSKWAS_305051_725_13120.wav,GONDI,Kannada,0.8875778317451477
IISc_VaaniProject_M_CG_Sukma_Dish10193_0504260000_CGSKMO_23860_9269_10645.wav,GONDI,Tamil,0.39107492566108704
IISc_VaaniProject_M_CG_Sukma_Dish10193_0450040000_CGSKRAS_188677_2133_7722.wav,GONDI,Irula,0.0564681701362133
IISc_VaaniProject_M_CG_Sukma_Mang32629_1835480000_HEC_143649_1120_11040.wav,GONDI,Wolof,0.055889930576086044
IISc_VaaniProject_M_CG_Sukma_Mano67906_1427350000_MRADA_81292_16533_24576.wav,GONDI,Aheri Gondi,0.07737664878368378
IISc_VaaniProject_M_CG_Sukma_Ritu67523_0729480000_CGSKJAT_282881_21013_23114.wav,GONDI,Murrinh-Patha,0.0638294368982315
IISc_VaaniProject_M_CG_Sukma_Saro32104_0727510000_UPVNFN_199973_12309_24298.wav,GONDI,Telugu,0.9887204766273499
IISc_VaaniProject_M_CG_Sukma_Dish10193_0513540000_UPHAMP_377185_1451_6060.wav,GONDI,Aheri Gondi,0.11266332119703293
IISc_VaaniProject_M_CG_Sukma_Bavn09552_0607010000_CGSKCH_304519_7893_14858.wav,GONDI,Sindhi,0.997117280960083
IISc_VaaniProject_M_CG_Sukma_Dish10193_0451500000_CGKDSH_130300_20842_22890.wav,GONDI,Nias,0.033820901066064835
IISc_VaaniProject_M_CG_Bastar_46978407_0737410000_CGBTSP_251700_853_9312.wav,GONDI,Kannada,0.9616346955299377
IISc_VaaniProject_M_CG_Sukma_Desh73633_1458480000_CGSKBO_372325_9152_11402.wav,GONDI,Panjabi,0.10085313767194748
IISc_VaaniProject_M_CG_Sukma_Bavn09552_0604430000_CGSKSC_304857_10666_14784.wav,GONDI,Aheri Gondi,0.38266095519065857
IISc_VaaniProject_M_CG_Sukma_Bhim16473_0535030000_CGSKST_205320_245_1653.wav,GONDI,Cebuano,0.44962048530578613
IISc_VaaniProject_M_CG_Sukma_Hidm97368_0829190000_KKTA_266298_15301_18819.wav,GONDI,Tamil,0.3926824927330017
IISc_VaaniProject_M_CG_Sukma_Malt77438_0449110000_BHVSBA_338019_11808_16480.wav,GONDI,Duruwa,0.2779597342014313
IISc_VaaniProject_M_CG_Sukma_Dish10193_0449200000_CGSKMA_304638_8960_13578.wav,GONDI,Aheri Gondi,0.5848249793052673
IISc_VaaniProject_M_CG_Bastar_46978407_0752300000_CGBTMOT_46006_11925_16320.wav,GONDI,Kannada,0.9958121180534363
IISc_VaaniProject_M_CG_Sukma_Bhim16473_1554500000_CGSKSP_275453_13077_14805.wav,GONDI,Wik-Mungkan,0.5884784460067749
IISc_VaaniProject_M_CG_Sukma_Bavn09552_0611200000_KTCMDAF_300675_16714_20618.wav,GONDI,Telugu,0.9749308228492737
IISc_VaaniProject_M_CG_Sukma_Ritu67523_0957400000_CGSKOTHER_304739_13248_20277.wav,GONDI,Sinhala,0.3989109396934509
IISc_VaaniProject_M_CG_Sukma_Dish10193_0519530000_AUR_251928_14570_20960.wav,GONDI,Kannada,0.9728220701217651
IISc_VaaniProject_M_CG_Sukma_Hidm97368_0827590000_APCTCH_82434_5828_12411.wav,GONDI,Telugu,0.8528139591217041
IISc_VaaniProject_M_CG_Sukma_Saro32104_1029350000_APATFE_93539_1098_8992.wav,GONDI,Telugu,0.7760592699050903
IISc_VaaniProject_M_CG_Sukma_Bavn09552_0618290000_OF_241055_12928_17120.wav,GONDI,Telugu,0.795940637588501
IISc_VaaniProject_M_CG_Sukma_Desh73633_1457160000_CGSKOTHER_304558_9536_12074.wav,GONDI,Pushto,0.030385196208953857
IISc_VaaniProject_M_CG_Sukma_Bavn09552_0443230000_CGSKAC_372234_5760_8682.wav,GONDI,Murrinh-Patha,0.04034461826086044
IISc_VaaniProject_M_CG_Sukma_Saro32104_1038180000_CGSKSP_275458_9770_23669.wav,GONDI,Telugu,0.9915293455123901
IISc_VaaniProject_M_CG_Bastar_46978407_0742530000_BHARCA_352144_10090_18368.wav,GONDI,Kannada,0.9468656778335571
IISc_VaaniProject_M_CG_Sukma_Dish10193_0502340000_CGKDRE_206_16533_17834.wav,GONDI,Aheri Gondi,0.33381175994873047
IISc_VaaniProject_M_CG_Sukma_Bavn09552_0603200000_CGBTFE_251595_3744_5920.wav,GONDI,Uzbek,0.25060737133026123
IISc_VaaniProject_M_CG_Sukma_Bhim16473_1600090000_APVCS_160307_15434_19482.wav,GONDI,Norwegian Bokmål,0.31673938035964966
IISc_VaaniProject_M_CG_Sukma_Desh73633_1437530000_SC_264391_12970_17301.wav,GONDI,Albanian,0.9492079019546509
IISc_VaaniProject_M_CG_Sukma_Dish10193_0442460000_UPVNFN_199967_789_4352.wav,GONDI,Aheri Gondi,0.31345605850219727
IISc_VaaniProject_M_CG_Sukma_Bavn09552_0439230000_CGBTDAF_206407_13408_15082.wav,GONDI,Kandawo,0.6026138663291931
IISc_VaaniProject_M_CG_Sukma_Saro32104_1028090000_CGSKAC_372215_20501_23978.wav,GONDI,Telugu,0.9657155275344849
IISc_VaaniProject_M_CG_Sukma_Bavn09552_0442260000_DAF_251821_15136_18688.wav,GONDI,Murrinh-Patha,0.24875891208648682
IISc_VaaniProject_M_CG_Sukma_Malt77438_0452490000_CGSKAC_372224_19370_21674.wav,GONDI,Telugu,0.24512557685375214
IISc_VaaniProject_M_CG_Sukma_Bhim16473_1554500000_CGSKSP_275453_21984_23040.wav,GONDI,Panjabi,0.2109600305557251
IISc_VaaniProject_M_CG_Sukma_Kosi31141_0519510000_UPVNGA_1188_278_10147.wav,GONDI,Kannada,0.4725264012813568
IISc_VaaniProject_M_CG_Sukma_Mano67906_1436500000_JKJEV_370385_1472_18357.wav,GONDI,Northern Gondi,0.3248632252216339
IISc_VaaniProject_M_CG_Sukma_Kosi31141_0723230000_KTDKAFLM_21080_12501_23808.wav,GONDI,Telugu,0.6105294227600098
IISc_VaaniProject_M_CG_Sukma_Malt77438_0442130000_CGSKOTHER_304939_17162_23552.wav,GONDI,Sinhala,0.5094122290611267
IISc_VaaniProject_M_CG_Sukma_Dish10193_0437500000_CGSKWAF_18841_9749_13706.wav,GONDI,Aheri Gondi,0.11058998852968216
IISc_VaaniProject_M_CG_Sukma_Ritu67523_0215530000_BHGGFE_363820_14112_21002.wav,GONDI,Aheri Gondi,0.2752666771411896
IISc_VaaniProject_M_CG_Sukma_Bhim16473_1543250000_CGSKML_372599_885_11082.wav,GONDI,Telugu,0.9883332848548889
IISc_VaaniProject_M_CG_Sukma_Bavn09552_0438470000_CGSKMUA_282953_1877_5973.wav,GONDI,Aheri Gondi,0.28826966881752014
IISc_VaaniProject_M_CG_Sukma_Bavn09552_0439230000_CGBTDAF_206407_256_3648.wav,GONDI,Malayalam,0.09746687859296799
IISc_VaaniProject_M_CG_Sukma_Dish10193_0438590000_CGSKMO_22426_864_4245.wav,GONDI,Puroik,0.03190308436751366
IISc_VaaniProject_M_CG_Sukma_Desh73633_1448110000_CGSKHE_304562_14474_16661.wav,GONDI,Murrinh-Patha,0.061342861503362656
IISc_VaaniProject_M_CG_Sukma_Malt77438_0457280000_CGSKGA_22451_17258_19562.wav,GONDI,Telugu,0.24211947619915009
IISc_VaaniProject_M_CG_Sukma_Some64088_0302110000_TGKVEM_8410_21898_23584.wav,GONDI,Aweer,0.0956290066242218
IISc_VaaniProject_M_CG_Sukma_Bavn09552_0446280000_MRAFE_256201_5589_8970.wav,GONDI,Murrinh-Patha,0.016747532412409782
IISc_VaaniProject_M_CG_Sukma_Desh73633_1509150000_CGSKOTHER_282812_18858_20480.wav,GONDI,Maori,0.01610887423157692
IISc_VaaniProject_M_CG_Bastar_46978407_0730100000_CGBTGY_45843_1632_8362.wav,GONDI,Kannada,0.9746854901313782
IISc_VaaniProject_M_CG_Sukma_Bavn09552_0446280000_MRAFE_256201_20544_24320.wav,GONDI,Telugu,0.4997864067554474
IISc_VaaniProject_M_CG_Sukma_Ritu67523_0959390000_CGSKOTHER_372702_13216_20277.wav,GONDI,Telugu,0.2853012681007385
IISc_VaaniProject_M_CG_Sukma_Bavn09552_0445300000_CGSKHO_372527_7488_10368.wav,GONDI,Aheri Gondi,0.4504466652870178
IISc_VaaniProject_M_CG_Sukma_Bavn09552_0609590000_CGSKHIS_188730_608_2901.wav,GONDI,Sindhi,0.18566660583019257
IISc_VaaniProject_M_CG_Sukma_Hidm97368_0822180000_JKJFS_165026_13560_19295.wav,GONDI,Murrinh-Patha,0.03382496535778046
IISc_VaaniProject_M_CG_Sukma_Dish10193_0514420000_CGSKSH_130439_1184_10971.wav,GONDI,Aheri Gondi,0.6231818199157715
IISc_VaaniProject_M_CG_Sukma_Bavn09552_0605320000_BHGJTO_192503_18602_20650.wav,GONDI,Wik-Mungkan,0.25859200954437256
IISc_VaaniProject_M_CG_Sukma_Desh73633_1500310000_CGSKMO_25883_6709_11914.wav,GONDI,Murrinh-Patha,0.2338608354330063
IISc_VaaniProject_M_CG_Sukma_Desh73633_1457160000_CGSKOTHER_304558_4618_9216.wav,GONDI,Wolof,0.08377330005168915
IISc_VaaniProject_M_CG_Sukma_Mano67906_1458380000_CGSKAC_372206_640_9813.wav,GONDI,Maria (India),0.14002889394760132
IISc_VaaniProject_M_CG_Sukma_Some64088_0302110000_TGKVEM_8410_15829_19914.wav,GONDI,Aheri Gondi,0.05631101503968239
IISc_VaaniProject_M_CG_Sukma_Desh73633_1441390000_CGSKSEP_304825_1290_5354.wav,GONDI,Yiddish,0.022626671940088272
IISc_VaaniProject_M_CG_Bastar_46978407_0735120000_BHWP_134162_7456_16981.wav,GONDI,Kannada,0.515322744846344
IISc_VaaniProject_M_CG_Sukma_Malt77438_0439040000_APVEX_255016_18442_20341.wav,GONDI,Murrinh-Patha,0.2341998815536499
IISc_VaaniProject_M_CG_Sukma_Dish10193_0455440000_BHVSCOHW_338395_5866_9781.wav,GONDI,Assamese,0.9851534366607666
IISc_VaaniProject_M_CG_Sukma_Bavn09552_0445300000_CGSKHO_372527_10752_13194.wav,GONDI,Telugu,0.817553699016571
IISc_VaaniProject_M_CG_Sukma_Dish10193_0437500000_CGSKWAF_18841_7232_9344.wav,GONDI,Aheri Gondi,0.2622852623462677
IISc_VaaniProject_M_CG_Sukma_Bhim16473_0548260000_CGSKPG_274749_650_9333.wav,GONDI,Telugu,0.5397708415985107
IISc_VaaniProject_M_CG_Sukma_Hidm97368_0822180000_JKJFS_165026_5549_7709.wav,GONDI,Aheri Gondi,0.1046733632683754
IISc_VaaniProject_M_CG_Sukma_Bhim16473_1604400000_CGSKML_372580_11285_21504.wav,GONDI,Telugu,0.981767475605011
IISc_VaaniProject_M_CG_Sukma_Dish10193_0452470000_APVAT_191330_6442_9728.wav,GONDI,Telugu,0.21439677476882935
IISc_VaaniProject_M_CG_Bastar_46978407_0709220000_CGBTGS_96821_1544_14651.wav,GONDI,Telugu,0.4773818850517273
IISc_VaaniProject_M_CG_Sukma_Dish10193_0438590000_CGSKMO_22426_17941_19840.wav,GONDI,Northern Gondi,0.02382977120578289
IISc_VaaniProject_M_CG_Sukma_Mano67906_1722400000_CGBTBK_252759_992_8085.wav,GONDI,Oromo,0.5642678737640381
IISc_VaaniProject_M_CG_Sukma_Bhim16473_0915080000_CGSKBA_205361_16554_18944.wav,GONDI,Murrinh-Patha,0.0461503304541111
IISc_VaaniProject_M_CG_Sukma_Ritu67523_1007140000_BHJHBC_311006_5237_13909.wav,GONDI,Wolof,0.108531653881073
IISc_VaaniProject_M_CG_Sukma_Desh73633_1500310000_CGSKMO_25883_1258_6101.wav,GONDI,Norwegian Nynorsk,0.5404549241065979
IISc_VaaniProject_M_CG_Sukma_Bavn09552_0618290000_OF_241055_17621_23040.wav,GONDI,Telugu,0.3617986738681793
IISc_VaaniProject_M_CG_Sukma_Bhim16473_0539560000_CGSKLK_130604_8896_16810.wav,GONDI,Telugu,0.9228970408439636
IISc_VaaniProject_M_CG_Bastar_46978407_0728510000_CGBTEV_167000_14432_19392.wav,GONDI,Tamil,0.7985733151435852
IISc_VaaniProject_M_CG_Sukma_Malt77438_0455520000_TGNLRAS_14378_11264_21504.wav,GONDI,Kannada,0.8100271821022034
IISc_VaaniProject_M_CG_Sukma_Malt77438_0458220000_CGSKOTHER_305152_1002_19146.wav,GONDI,Wolof,0.06539322435855865
IISc_VaaniProject_M_CG_Sukma_Mang32629_1839420000_CGSKOTHER_304731_10037_17696.wav,GONDI,Murrinh-Patha,0.03528023883700371
IISc_VaaniProject_M_CG_Sukma_Some64088_0740250000_BHVSCH_338296_14848_22837.wav,GONDI,Telugu,0.8863682746887207
IISc_VaaniProject_M_CG_Sukma_Ritu67523_0715280000_BHJHMR_113367_16117_18677.wav,GONDI,Bengali,0.8621171116828918
IISc_VaaniProject_M_CG_Sukma_Mano67906_1352060000_CGSKMO_24853_11648_23018.wav,GONDI,Telugu,0.2541358172893524
IISc_VaaniProject_M_CG_Sukma_Bavn09552_0601140000_CGSKOTHER_372521_3178_5440.wav,GONDI,Kannada,0.882527768611908
IISc_VaaniProject_M_CG_Bastar_46978407_0714340000_CGBTPO_264931_15534_16834.wav,GONDI,Marathi,0.17690812051296234
IISc_VaaniProject_M_CG_Sukma_Some64088_0730550000_WBN24PLK_35378_202_9589.wav,GONDI,Telugu,0.2537621557712555
IISc_VaaniProject_M_CG_Sukma_Bavn09552_0609210000_KTCMFN_248837_5162_9781.wav,GONDI,Telugu,0.7656532526016235
IISc_VaaniProject_M_CG_Sukma_Bavn09552_0622460000_BHVSBU_338204_4970_6421.wav,GONDI,Telugu,0.46539169549942017
IISc_VaaniProject_M_CG_Bastar_46978407_0722000000_APVBUPS_74514_557_10263.wav,GONDI,Kannada,0.6018092036247253
IISc_VaaniProject_M_CG_Bastar_46978407_0752310000_CGBTMOT_46006_11914_16330.wav,GONDI,Kannada,0.9552724957466125
IISc_VaaniProject_M_CG_Sukma_Ritu67523_0208530000_CGBTTES_52048_15466_21280.wav,GONDI,Bengali,0.9004271626472473
IISc_VaaniProject_M_CG_Sukma_Dish10193_0443540000_BHJMFA_191374_448_5429.wav,GONDI,Sinhala,0.6329498887062073
IISc_VaaniProject_M_CG_Sukma_Malt77438_0443390000_APVCYR_74609_18506_21301.wav,GONDI,Marathi,0.5136315226554871
IISc_VaaniProject_M_CG_Bastar_46978407_0752310000_CGBTMOT_46006_5845_11114.wav,GONDI,Kannada,0.9510127902030945
IISc_VaaniProject_M_CG_Bastar_46978407_0735150000_BHWP_134162_7445_16992.wav,GONDI,Telugu,0.28851398825645447
IISc_VaaniProject_M_CG_Sukma_Mano67906_1407320000_BHGGGY_364062_20693_24320.wav,GONDI,Sinhala,0.9867910146713257
IISc_VaaniProject_M_CG_Sukma_Bavn09552_0605320000_BHGJTO_192503_10293_15296.wav,GONDI,Kannada,0.3900599181652069
IISc_VaaniProject_M_CG_Sukma_Dish10193_0509460000_APCTFIM_173764_626_17600.wav,GONDI,Kannada,0.991204559803009
IISc_VaaniProject_M_CG_Sukma_Mano67906_1436500000_JKJEV_370385_19125_24288.wav,GONDI,Kannada,0.5427107810974121
IISc_VaaniProject_M_CG_Sukma_Saro32104_1032370000_BHVSFE_338588_11360_24832.wav,GONDI,Telugu,0.7442967891693115
IISc_VaaniProject_M_CG_Sukma_Bhim16473_0532540000_CGSKDM_24535_7872_15766.wav,GONDI,Telugu,0.8276975750923157
IISc_VaaniProject_M_CG_Sukma_Bhim16473_0508180000_TGKPR_211559_19861_21162.wav,GONDI,Sindhi,0.032899606972932816
IISc_VaaniProject_M_CG_Sukma_Dish10193_0524320000_APVFIM_180017_11989_23104.wav,GONDI,Aheri Gondi,0.6514078974723816
IISc_VaaniProject_M_CG_Sukma_Bavn09552_0603200000_CGBTFE_251595_10560_12096.wav,GONDI,Telugu,0.2004973292350769
IISc_VaaniProject_M_CG_Sukma_Bhim16473_1546300000_CGSKOTHER_304595_13472_20992.wav,GONDI,Telugu,0.762683629989624
IISc_VaaniProject_M_CG_Bastar_46978407_0709220000_CGBTGS_96821_15754_16973.wav,GONDI,Telugu,0.33748358488082886
IISc_VaaniProject_M_CG_Sukma_Ritu67523_1041460000_BHVSBA_338025_16704_19242.wav,GONDI,Telugu,0.26938396692276
IISc_VaaniProject_M_CG_Sukma_Dish10193_0452470000_APVAT_191330_3285_5856.wav,GONDI,Kannada,0.11327722668647766
IISc_VaaniProject_M_CG_Sukma_Saro32104_0706100000_CGSKLK_24735_9642_11701.wav,GONDI,Sankaran Maninka,0.02530701644718647
IISc_VaaniProject_M_CG_Sukma_Mang32629_1843530000_CGSKMT_372740_21610_24000.wav,GONDI,Hindi,0.11712276935577393
IISc_VaaniProject_M_CG_Sukma_Bavn09552_0607560000_BHGGFA_363766_9568_12565.wav,GONDI,Sinhala,0.8975674510002136
IISc_VaaniProject_M_CG_Sukma_Mano67906_1450380000_CGSKWAS_304954_13749_23413.wav,GONDI,Maria (India),0.13068105280399323
IISc_VaaniProject_M_CG_Sukma_Mano67906_1352060000_CGSKMO_24853_1664_7413.wav,GONDI,Aheri Gondi,0.24761340022087097
IISc_VaaniProject_M_CG_Sukma_Bavn09552_0609210000_KTCMFN_248837_736_4586.wav,GONDI,Somali,0.9121222496032715
IISc_VaaniProject_M_CG_Sukma_Dish10193_0449200000_CGSKMA_304638_17205_21184.wav,GONDI,Telugu,0.8206493854522705
IISc_VaaniProject_M_CG_Sukma_Dish10193_0504260000_CGSKMO_23860_3978_5813.wav,GONDI,Kannada,0.5538886189460754
IISc_VaaniProject_M_CG_Sukma_Bhim16473_0548260000_CGSKPG_274749_22517_23808.wav,GONDI,Urdu,0.05578049272298813
IISc_VaaniProject_M_CG_Sukma_Dish10193_0449200000_CGSKMA_304638_618_6378.wav,GONDI,Kannada,0.9910759925842285
IISc_VaaniProject_M_CG_Sukma_Bavn09552_0438470000_CGSKMUA_282953_8853_13962.wav,GONDI,Murrinh-Patha,0.2073579579591751
IISc_VaaniProject_M_CG_Sukma_Saro32104_1018430000_CGSKRAS_188669_1397_10250.wav,GONDI,Aheri Gondi,0.27451297640800476
IISc_VaaniProject_M_CG_Sukma_Dish10193_0503490000_CGSKTES_216912_4565_8512.wav,GONDI,Telugu,0.9959932565689087
IISc_VaaniProject_M_CG_Sukma_Saro32104_1015450000_CGSKFT_372473_426_9802.wav,GONDI,Telugu,0.2496558427810669
IISc_VaaniProject_M_CG_Sukma_Dish10193_0455020000_CGSKBC_188559_1856_6208.wav,GONDI,Aheri Gondi,0.762927234172821
IISc_VaaniProject_M_CG_Sukma_Ritu67523_0211540000_CGSKMO_25830_12234_22197.wav,GONDI,Telugu,0.17953868210315704
IISc_VaaniProject_M_CG_Sukma_Hidm97368_0805090000_CGSKFT_372470_1544_6106.wav,GONDI,Aheri Gondi,0.5801650881767273
IISc_VaaniProject_M_CG_Sukma_Bhim16473_1552520000_CGSKOF_372832_20960_22272.wav,GONDI,Bengali,0.5751425623893738
IISc_VaaniProject_M_CG_Sukma_Bavn09552_0447140000_WBMLMA_8835_6986_10570.wav,GONDI,Aheri Gondi,0.12363804876804352
IISc_VaaniProject_M_CG_Sukma_Bavn09552_0601140000_CGSKOTHER_372521_5845_7541.wav,GONDI,Telugu,0.9562414288520813
IISc_VaaniProject_M_CG_Sukma_Desh73633_1509150000_CGSKOTHER_282812_1301_4704.wav,GONDI,Nepali (individual language),0.13148000836372375
IISc_VaaniProject_M_CG_Sukma_Ritu67523_1007140000_BHJHBC_311006_15680_17770.wav,GONDI,Duruwa,0.09477579593658447
IISc_VaaniProject_M_CG_Sukma_Desh73633_1506090000_CGSKHE_304768_4960_6848.wav,GONDI,Murrinh-Patha,0.021921798586845398
IISc_VaaniProject_M_CG_Sukma_Saro32104_0741050000_KTDKAZO_2059_14218_15957.wav,GONDI,Kupia,0.020765693858265877
IISc_VaaniProject_M_CG_Bastar_46978407_0723130000_CGBTREI_170333_1068_16671.wav,GONDI,Kannada,0.6235834360122681
IISc_VaaniProject_M_CG_Sukma_Dish10193_0459140000_BHGJDAF_192351_394_2517.wav,GONDI,Tanudan Kalinga,0.02230049856007099
IISc_VaaniProject_M_CG_Sukma_Dish10193_0455020000_CGSKBC_188559_9962_11274.wav,GONDI,Kupia,0.13932015001773834
IISc_VaaniProject_M_CG_Sukma_Bavn09552_0609590000_CGSKHIS_188730_6282_12202.wav,GONDI,Telugu,0.27657192945480347
IISc_VaaniProject_M_CG_Sukma_Mano67906_1410180000_CGSKGY_42402_565_9269.wav,GONDI,Kannada,0.2870962917804718
IISc_VaaniProject_M_CG_Sukma_Dish10193_0449200000_CGSKMA_304638_6805_8618.wav,GONDI,Tamil,0.12048445641994476
IISc_VaaniProject_M_CG_Bastar_46978407_0742530000_BHARCA_352144_2144_9514.wav,GONDI,Kannada,0.3349594175815582
IISc_VaaniProject_M_CG_Sukma_Mano67906_1510150000_CGSKMUA_282948_864_15584.wav,GONDI,Kannada,0.19055086374282837
IISc_VaaniProject_M_CG_Sukma_Dish10193_0442460000_UPVNFN_199967_17056_20480.wav,GONDI,Aheri Gondi,0.08487312495708466
IISc_VaaniProject_M_CG_Sukma_Some64088_0259300000_CGSKFT_304605_11136_17781.wav,GONDI,Wik-Mungkan,0.08345647901296616
IISc_VaaniProject_M_CG_Sukma_Bavn09552_0605320000_BHGJTO_192503_853_5984.wav,GONDI,Wolof,0.10324015468358994
IISc_VaaniProject_M_CG_Sukma_Dish10193_0457370000_CGSKGA_23435_8970_12277.wav,GONDI,Telugu,0.3583548367023468
IISc_VaaniProject_M_CG_Sukma_Dish10193_0451500000_CGKDSH_130300_8938_11328.wav,GONDI,Estonian,0.21014022827148438
IISc_VaaniProject_M_CG_Sukma_Malt77438_0306490000_CGSKPG_274744_18912_23296.wav,GONDI,Murrinh-Patha,0.15642648935317993
IISc_VaaniProject_M_CG_Sukma_Mano67906_1410180000_CGSKGY_42402_9642_22965.wav,GONDI,Aheri Gondi,0.33217325806617737
IISc_VaaniProject_M_CG_Sukma_Bavn09552_0612510000_CGSKOTHER_304470_15029_20192.wav,GONDI,Murrinh-Patha,0.1548677533864975
IISc_VaaniProject_M_CG_Sukma_Bavn09552_0445300000_CGSKHO_372527_2858_6997.wav,GONDI,Wolof,0.02928745001554489
IISc_VaaniProject_M_CG_Bastar_46978407_0704460000_BHVSFE_338579_9020_14187.wav,GONDI,Kannada,0.5840265154838562
IISc_VaaniProject_M_CG_Sukma_Desh73633_1458480000_CGSKBO_372325_4672_7306.wav,GONDI,Wolof,0.1052296832203865
IISc_VaaniProject_M_CG_Sukma_Bhim16473_0546330000_JKJHE_313387_9120_19679.wav,GONDI,Aheri Gondi,0.42917653918266296
IISc_VaaniProject_M_CG_Sukma_Dish10193_0504260000_CGSKMO_23860_11146_14048.wav,GONDI,Telugu,0.7538833618164062
IISc_VaaniProject_M_CG_Sukma_Bavn09552_0443230000_CGSKAC_372234_19701_21834.wav,GONDI,Wik-Mungkan,0.531358003616333
IISc_VaaniProject_M_CG_Sukma_Ritu67523_0210570000_CGSKWAF_122552_18144_22858.wav,GONDI,Telugu,0.9633274078369141
IISc_VaaniProject_M_CG_Sukma_Hidm97368_0805090000_CGSKFT_372470_7291_15905.wav,GONDI,Kannada,0.3297125995159149
IISc_VaaniProject_M_CG_Sukma_Ritu67523_0213140000_BHGGGA_363988_10922_20544.wav,GONDI,Telugu,0.9709882140159607
IISc_VaaniProject_M_CG_Bastar_46978407_0754060000_BHARCA_352128_10205_17252.wav,GONDI,Kannada,0.7353452444076538
IISc_VaaniProject_M_CG_Sukma_Bavn09552_0618290000_OF_241055_192_5173.wav,GONDI,Telugu,0.8755146861076355
IISc_VaaniProject_M_CG_Sukma_Bavn09552_0619530000_UPVNHIC_11396_20330_21504.wav,GONDI,Telugu,0.41068151593208313
IISc_VaaniProject_M_CG_Bastar_46978407_0723040000_CGBTREI_170333_1056_16695.wav,GONDI,Kannada,0.8318803906440735
IISc_VaaniProject_M_CG_Bastar_46978407_0716160000_CGBTFR_270657_5746_15789.wav,GONDI,Kannada,0.9960785508155823
IISc_VaaniProject_M_CG_Sukma_Desh73633_1507000000_APVEV_115975_13184_15381.wav,GONDI,Gogodala,0.1687626987695694
IISc_VaaniProject_M_CG_Sukma_Kosi31141_0727320000_JKJHE_313386_16458_22784.wav,GONDI,Duruwa,0.117303267121315
IISc_VaaniProject_M_CG_Sukma_Kosi31141_0521150000_CGBMEX_346495_255_2321.wav,GONDI,Kabuverdianu,0.03197265788912773
IISc_VaaniProject_M_CG_Sukma_Bavn09552_0601140000_CGSKOTHER_372521_10880_15157.wav,GONDI,Murrinh-Patha,0.23253564536571503
IISc_VaaniProject_M_CG_Sukma_Mano67906_1425120000_BHGGBC_363564_13632_23808.wav,GONDI,Aheri Gondi,0.40657705068588257
IISc_VaaniProject_M_CG_Sukma_Mano67906_1428570000_CGSKOTHER_304439_9290_23722.wav,GONDI,Aheri Gondi,0.21186508238315582
IISc_VaaniProject_M_CG_Sukma_Some64088_0731410000_CGSKOTHER_304782_746_12544.wav,GONDI,Telugu,0.9635231494903564
IISc_VaaniProject_M_CG_Sukma_Desh73633_1441390000_CGSKSEP_304825_6272_9354.wav,GONDI,Malayalam,0.262542724609375
IISc_VaaniProject_M_CG_Sukma_Ritu67523_1112510000_CGSKBIS_205294_14058_21248.wav,GONDI,Sinhala,0.41193830966949463
IISc_VaaniProject_M_CG_Sukma_Hidm97368_0826360000_BHGGGY_364048_5735_21490.wav,GONDI,Aheri Gondi,0.7928134799003601
IISc_VaaniProject_M_CG_Sukma_Desh73633_1437530000_SC_264391_1770_4746.wav,GONDI,Murrinh-Patha,0.16976158320903778
IISc_VaaniProject_M_CG_Sukma_Dish10193_0527590000_CGSKOTHER_304462_12678_16462.wav,GONDI,Murrinh-Patha,0.24485471844673157
IISc_VaaniProject_M_CG_Sukma_Desh73633_1443450000_TGNLMO_14800_4693_7818.wav,GONDI,Murrinh-Patha,0.030605031177401543
IISc_VaaniProject_M_CG_Sukma_Bavn09552_0447140000_WBMLMA_8835_14634_18688.wav,GONDI,Murrinh-Patha,0.03504215553402901
IISc_VaaniProject_M_CG_Sukma_Dish10193_0459140000_BHGJDAF_192351_15882_20480.wav,GONDI,Manipuri,0.031732089817523956
IISc_VaaniProject_M_CG_Sukma_Bavn09552_0612510000_CGSKOTHER_304470_3381_8576.wav,GONDI,Telugu,0.8192616105079651
IISc_VaaniProject_M_CG_Sukma_Ritu67523_0208530000_CGBTTES_52048_12181_14432.wav,GONDI,Mainstream Kenyah,0.6115931868553162
IISc_VaaniProject_M_CG_Sukma_Mano67906_1345440000_CGSKMT_372724_15765_23637.wav,GONDI,Aheri Gondi,0.28308483958244324
IISc_VaaniProject_M_CG_Sukma_Mano67906_1720140000_CGSKMT_282918_7594_22976.wav,GONDI,Kannada,0.2003096342086792
IISc_VaaniProject_M_CG_Sukma_Bavn09552_0621200000_CGSKFR_24935_8576_11925.wav,GONDI,Wolof,0.1280236393213272
IISc_VaaniProject_M_CG_Bastar_46978407_0739500000_APVCOS_115849_810_9738.wav,GONDI,Panjabi,0.7896679043769836
IISc_VaaniProject_M_CG_Sukma_Saro32104_0702050000_CGSKGOB_24545_7584_21504.wav,GONDI,Telugu,0.7803932428359985
IISc_VaaniProject_M_CG_Sukma_Bavn09552_0613390000_UPVNBR_11372_18368_23808.wav,GONDI,Kannada,0.8980341553688049
IISc_VaaniProject_M_CG_Sukma_Bavn09552_0604430000_CGSKSC_304857_15328_17344.wav,GONDI,Murrinh-Patha,0.09290819615125656
IISc_VaaniProject_M_CG_Sukma_Desh73633_1504450000_APATLK_63760_15253_17002.wav,GONDI,Bengali,0.08716463297605515
IISc_VaaniProject_M_CG_Sukma_Bavn09552_0446280000_MRAFE_256201_10634_13930.wav,GONDI,Uzbek,0.36190369725227356
IISc_VaaniProject_M_CG_Sukma_Saro32104_0758070000_CGSKCH_18862_682_11029.wav,GONDI,Telugu,0.6624752879142761
IISc_VaaniProject_M_CG_Bastar_46978407_0722000000_APVBUPS_74514_10820_16660.wav,GONDI,Kannada,0.8454768061637878
IISc_VaaniProject_M_CG_Sukma_Malt77438_0447560000_CGSKBR_372428_12640_22890.wav,GONDI,Kannada,0.30518749356269836
IISc_VaaniProject_M_CG_Sukma_Dish10193_0438590000_CGSKMO_22426_7509_10122.wav,GONDI,Murrinh-Patha,0.24090790748596191
IISc_VaaniProject_M_CG_Sukma_Desh73633_1502090000_BHJMCC_162228_1088_5034.wav,GONDI,Murrinh-Patha,0.024729322642087936
IISc_VaaniProject_M_CG_Sukma_Ritu67523_0147100000_CGBTCO_89127_11861_19797.wav,GONDI,Telugu,0.5915958285331726
IISc_VaaniProject_M_CG_Sukma_Dish10193_0457370000_CGSKGA_23435_17642_19712.wav,GONDI,Sinhala,0.6755154728889465
IISc_VaaniProject_M_CG_Sukma_Some64088_0300120000_CGSKBR_372394_1578_6922.wav,GONDI,Somali,0.4306411147117615
IISc_VaaniProject_M_CG_Sukma_Bavn09552_0613390000_UPVNBR_11372_11968_14186.wav,GONDI,Aweer,0.038141049444675446
IISc_VaaniProject_M_CG_Sukma_Mano67906_1459500000_CGSKST_305068_1408_11936.wav,GONDI,Aheri Gondi,0.2795449495315552
IISc_VaaniProject_M_CG_Sukma_Ritu67523_0209560000_CGSKLI_282895_12085_20896.wav,GONDI,Aheri Gondi,0.27559325098991394
IISc_VaaniProject_M_CG_Sukma_Saro32104_1034200000_CGSKRMS_283195_11701_20992.wav,GONDI,Telugu,0.28275853395462036
IISc_VaaniProject_M_CG_Sukma_Bhim16473_1608380000_CGSKFR_24907_8874_18688.wav,GONDI,Telugu,0.6465297341346741
IISc_VaaniProject_M_CG_Sukma_Hidm97368_0830240000_CGBTCH_207521_417_3587.wav,GONDI,Murrinh-Patha,0.017432494089007378
IISc_VaaniProject_M_CG_Sukma_Bavn09552_0621200000_CGSKFR_24935_12906_15445.wav,GONDI,Telugu,0.8668374419212341
IISc_VaaniProject_M_CG_Sukma_Dish10193_0459140000_BHGJDAF_192351_2837_5557.wav,GONDI,Aheri Gondi,0.2713254392147064
IISc_VaaniProject_M_CG_Sukma_Bhim16473_0541390000_UPVNMT_222607_9333_16906.wav,GONDI,Kannada,0.9270450472831726
IISc_VaaniProject_M_CG_Sukma_Desh73633_1450100000_BHGJFR_4822_10890_12608.wav,GONDI,Murrinh-Patha,0.09250476956367493
IISc_VaaniProject_M_CG_Sukma_Some64088_0300120000_CGSKBR_372394_16938_18336.wav,GONDI,Aheri Gondi,0.1853051483631134
IISc_VaaniProject_M_CG_Sukma_Mano67906_1457430000_CGSKLK_18817_13440_23413.wav,GONDI,Aheri Gondi,0.4905613660812378
IISc_VaaniProject_M_CG_Sukma_Kosi31141_0718320000_CGSKHIS_188738_14890_21002.wav,GONDI,Murrinh-Patha,0.06134321540594101
IISc_VaaniProject_M_CG_Sukma_Mano67906_1355270000_MRACO_323677_10421_24064.wav,GONDI,Aheri Gondi,0.6379103660583496
IISc_VaaniProject_M_CG_Sukma_Bhim16473_0535430000_CGSKSEP_283146_12650_20548.wav,GONDI,Telugu,0.4460853338241577
IISc_VaaniProject_M_CG_Sukma_Bhim16473_1554500000_CGSKSP_275453_15859_19808.wav,GONDI,Gujarati,0.4276414215564728
IISc_VaaniProject_M_CG_Sukma_Saro32104_0735230000_CGSKOTHER_372849_6954_19466.wav,GONDI,Aheri Gondi,0.5148892402648926
IISc_VaaniProject_M_CG_Sukma_Some64088_0736000000_CGSKOTHER_304844_19285_22240.wav,GONDI,Sinhala,0.39568841457366943
IISc_VaaniProject_M_CG_Bastar_46978407_0714340000_CGBTPO_264931_1787_14106.wav,GONDI,Kannada,0.8480401635169983
IISc_VaaniProject_M_CG_Sukma_Desh73633_1504450000_APATLK_63760_9024_11264.wav,GONDI,Oromo,0.052339404821395874
IISc_VaaniProject_M_CG_Sukma_Saro32104_1023430000_BHVSCOHW_338400_874_11253.wav,GONDI,Kannada,0.5663497447967529
IISc_VaaniProject_M_CG_Sukma_Bavn09552_0443230000_CGSKAC_372234_3296_4949.wav,GONDI,Gogodala,0.09421971440315247
IISc_VaaniProject_M_CG_Sukma_Dish10193_0455020000_CGSKBC_188559_11872_16768.wav,GONDI,Aheri Gondi,0.3888048231601715
IISc_VaaniProject_M_CG_Sukma_Bavn09552_0443230000_CGSKAC_372234_16096_18506.wav,GONDI,Somali,0.4958561062812805
IISc_VaaniProject_M_CG_Sukma_Bavn09552_0613390000_UPVNBR_11372_234_2901.wav,GONDI,Esperanto,0.969629168510437
IISc_VaaniProject_M_CG_Sukma_Saro32104_1023430000_BHVSCOHW_338400_11744_23552.wav,GONDI,Telugu,0.6109386086463928
IISc_VaaniProject_M_CG_Sukma_Ritu67523_0201570000_CGSKWP_274895_12896_21034.wav,GONDI,Telugu,0.9921030402183533
IISc_VaaniProject_M_CG_Sukma_Kosi31141_0724160000_BHJHWP_16421_9557_20992.wav,GONDI,Aheri Gondi,0.6326454281806946
IISc_VaaniProject_M_CG_Sukma_Bhim16473_0535030000_CGSKST_205320_2805_15752.wav,GONDI,Telugu,0.9790835976600647
IISc_VaaniProject_M_CG_Sukma_Malt77438_0305120000_CGSKFM_18877_13365_20309.wav,GONDI,Aheri Gondi,0.3094927966594696
IISc_VaaniProject_M_CG_Sukma_Bavn09552_0614190000_KTCMFLM_300562_9322_13504.wav,GONDI,Gunwinggu,0.024779343977570534
IISc_VaaniProject_M_CG_Sukma_Hidm97368_0822180000_JKJFS_165026_9380_11865.wav,GONDI,Estonian,0.33507755398750305
IISc_VaaniProject_M_CG_Sukma_Dish10193_0502340000_CGKDRE_206_11285_13621.wav,GONDI,Sindhi,0.1481550633907318
IISc_VaaniProject_M_CG_Sukma_Bhim16473_1546300000_CGSKOTHER_304595_213_1658.wav,GONDI,Tamil,0.9423924088478088
IISc_VaaniProject_M_CG_Sukma_Saro32104_0759340000_CGSKGY_274800_13504_18144.wav,GONDI,Aheri Gondi,0.4948873519897461
IISc_VaaniProject_M_CG_Sukma_Hidm97368_0823540000_APVAT_191340_14419_15464.wav,GONDI,Gunwinggu,0.15441401302814484
IISc_VaaniProject_M_CG_Sukma_Desh73633_1451380000_BHGJMA_193278_12821_14197.wav,GONDI,Norwegian Bokmål,0.053520992398262024
IISc_VaaniProject_M_CG_Sukma_Desh73633_1443450000_TGNLMO_14800_8938_10645.wav,GONDI,Wolof,0.026587918400764465
IISc_VaaniProject_M_CG_Sukma_Some64088_0302110000_TGKVEM_8410_8341_14773.wav,GONDI,Murrinh-Patha,0.10095350444316864
IISc_VaaniProject_M_CG_Sukma_Dish10193_0450040000_CGSKRAS_188677_8128_11605.wav,GONDI,Telugu,0.6314261555671692
IISc_VaaniProject_M_CG_Sukma_Mano67906_1401050000_UPVNSP_33909_13333_23808.wav,GONDI,Aheri Gondi,0.6195938587188721
IISc_VaaniProject_M_CG_Bastar_46978407_0717470000_CGBTMA_41630_8405_16640.wav,GONDI,Kannada,0.9505633115768433
IISc_VaaniProject_M_CG_Sukma_Hidm97368_0802520000_CGSKBUPS_282842_13537_15650.wav,GONDI,Aheri Gondi,0.6357409954071045
IISc_VaaniProject_M_CG_Sukma_Bavn09552_0607560000_BHGGFA_363766_4106_5632.wav,GONDI,Telugu,0.7498162388801575
IISc_VaaniProject_M_CG_Sukma_Some64088_0730550000_WBN24PLK_35378_10218_21269.wav,GONDI,Wolof,0.38775479793548584
IISc_VaaniProject_M_CG_Sukma_Desh73633_1502090000_BHJMCC_162228_14688_16490.wav,GONDI,Murrinh-Patha,0.13101130723953247
IISc_VaaniProject_M_CG_Sukma_Dish10193_0443540000_BHJMFA_191374_16512_19242.wav,GONDI,Aheri Gondi,0.13722895085811615
IISc_VaaniProject_M_CG_Sukma_Bavn09552_0605320000_BHGJTO_192503_21461_22634.wav,GONDI,Murrinh-Patha,0.06514358520507812
IISc_VaaniProject_M_CG_Sukma_Desh73633_1451380000_BHGJMA_193278_8458_12437.wav,GONDI,Manipuri,0.03337294980883598
IISc_VaaniProject_M_CG_Sukma_Some64088_0730080000_BHGGFE_363807_15018_17525.wav,GONDI,Sundanese,0.2812868654727936
IISc_VaaniProject_M_CG_Sukma_Malt77438_0443390000_APVCYR_74609_10282_16832.wav,GONDI,Telugu,0.9961106181144714
IISc_VaaniProject_M_CG_Sukma_Bhim16473_1606060000_DOA_251829_14250_21656.wav,GONDI,Sinhala,0.3357394337654114
IISc_VaaniProject_M_CG_Sukma_Bhim16473_1552520000_CGSKOF_372832_7520_19382.wav,GONDI,Telugu,0.8320196270942688
IISc_VaaniProject_M_CG_Sukma_Dish10193_0455440000_BHVSCOHW_338395_13269_20010.wav,GONDI,Kannada,0.8273647427558899
IISc_VaaniProject_M_CG_Bastar_46978407_0717470000_CGBTMA_41630_1927_7906.wav,GONDI,Wolof,0.10349421203136444
IISc_VaaniProject_M_CG_Bastar_46978407_0752310000_CGBTMOT_46006_608_5194.wav,GONDI,Tamil,0.38838163018226624
IISc_VaaniProject_M_CG_Sukma_Saro32104_1029350000_APATFE_93539_22112_24320.wav,GONDI,Oromo,0.239587664604187
IISc_VaaniProject_M_CG_Sukma_Bavn09552_0611200000_KTCMDAF_300675_5290_12064.wav,GONDI,Telugu,0.39522436261177063
IISc_VaaniProject_M_CG_Sukma_Some64088_0736000000_CGSKOTHER_304844_12544_18016.wav,GONDI,Telugu,0.6223512887954712
IISc_VaaniProject_M_CG_Sukma_Bavn09552_0602150000_CGSKAMP_372169_12010_13824.wav,GONDI,Murrinh-Patha,0.08952733874320984
IISc_VaaniProject_M_CG_Sukma_Kosi31141_0725530000_JKJHE_313452_13226_19818.wav,GONDI,Kannada,0.619229793548584
IISc_VaaniProject_M_CG_Sukma_Ritu67523_1013240000_CGSKTE_198517_19669_22133.wav,GONDI,Sinhala,0.4290510416030884
IISc_VaaniProject_M_CG_Sukma_Bhim16473_1559190000_CGBTEV_241622_373_1973.wav,GONDI,Telugu,0.9289106130599976
IISc_VaaniProject_M_CG_Sukma_Desh73633_1502090000_BHJMCC_162228_8970_13952.wav,GONDI,Murrinh-Patha,0.028994949534535408
IISc_VaaniProject_M_CG_Sukma_Bavn09552_0444330000_TGNLST_11812_17600_18944.wav,GONDI,Javanese,0.20278333127498627
IISc_VaaniProject_M_CG_Sukma_Desh73633_1504450000_APATLK_63760_12640_14432.wav,GONDI,Dhuwaya,0.2319571077823639
IISc_VaaniProject_M_CG_Sukma_Malt77438_0457280000_CGSKGA_22451_10176_15434.wav,GONDI,Pamplona Atta,0.016277670860290527
IISc_VaaniProject_M_CG_Sukma_Desh73633_1437530000_SC_264391_5344_9173.wav,GONDI,Welsh,0.1289847493171692
IISc_VaaniProject_M_CG_Sukma_Bhim16473_1608380000_CGSKFR_24907_5984_7850.wav,GONDI,Nunggubuyu,0.03096647933125496
IISc_VaaniProject_M_CG_Bastar_46978407_0737410000_CGBTSP_251700_9994_17930.wav,GONDI,Pushto,0.9609454870223999
IISc_VaaniProject_M_CG_Sukma_Dish10193_0502340000_CGKDRE_206_4234_7658.wav,GONDI,Telugu,0.9754955172538757
IISc_VaaniProject_M_CG_Sukma_Bavn09552_0613390000_UPVNBR_11372_15978_17376.wav,GONDI,Fulah,0.10596257448196411
IISc_VaaniProject_M_CG_Sukma_Kosi31141_0711080000_BHGGGOB_364034_19114_24576.wav,GONDI,Telugu,0.8687247633934021
IISc_VaaniProject_M_CG_Sukma_Mang32629_1837200000_CGSKFM_205461_12544_18720.wav,GONDI,Maay,0.03909702226519585
IISc_VaaniProject_M_CG_Sukma_Bavn09552_0619530000_UPVNHIC_11396_15253_17728.wav,GONDI,Telugu,0.931476354598999
IISc_VaaniProject_M_CG_Sukma_Some64088_0258300000_CGSKAC_372182_13802_18154.wav,GONDI,Wolof,0.038653261959552765
IISc_VaaniProject_M_CG_Sukma_Ritu67523_0954130000_CGSKOTHER_105006_544_2805.wav,GONDI,Aheri Gondi,0.6846737265586853
IISc_VaaniProject_M_CG_Bastar_46978407_0754060000_BHARCA_352128_1904_9613.wav,GONDI,Kannada,0.8839943408966064
IISc_VaaniProject_M_CG_Sukma_Bavn09552_0442260000_DAF_251821_4554_6005.wav,GONDI,Murrinh-Patha,0.048182591795921326
IISc_VaaniProject_M_CG_Sukma_Bhim16473_1553350000_CGBTFW_195157_11221_18602.wav,GONDI,Kannada,0.9721254706382751
IISc_VaaniProject_M_CG_Sukma_Bhim16473_0510300000_BHBSFM_235008_12480_16373.wav,GONDI,Telugu,0.9219646453857422
IISc_VaaniProject_M_CG_Sukma_Mano67906_1406020000_WBN24PSTF_155988_448_11605.wav,GONDI,Kannada,0.5613439083099365
IISc_VaaniProject_M_CG_Sukma_Saro32104_0711410000_APVBC_142829_13130_23552.wav,GONDI,Duruwa,0.2258310765028
IISc_VaaniProject_M_CG_Sukma_Mang32629_1809290000_CGSKSEP_283156_1280_6165.wav,GONDI,Aheri Gondi,0.13016168773174286
IISc_VaaniProject_M_CG_Sukma_Desh73633_1509150000_CGSKOTHER_282812_10794_12373.wav,GONDI,Sinhala,0.15535856783390045
IISc_VaaniProject_M_CG_Sukma_Mano67906_1345440000_CGSKMT_372724_1504_14346.wav,GONDI,Aheri Gondi,0.5460163950920105
IISc_VaaniProject_M_CG_Sukma_Hidm97368_0830240000_CGBTCH_207521_6246_14582.wav,GONDI,Aheri Gondi,0.8201260566711426
IISc_VaaniProject_M_CG_Sukma_Mano67906_1355270000_MRACO_323677_682_2325.wav,GONDI,Ho,0.10477592796087265
IISc_VaaniProject_M_CG_Sukma_Dish10193_0450040000_CGSKRAS_188677_16704_20736.wav,GONDI,Kannada,0.6511862277984619
IISc_VaaniProject_M_CG_Sukma_Saro32104_0750480000_CGSKPP_304791_480_9984.wav,GONDI,Aheri Gondi,0.7061060070991516
IISc_VaaniProject_M_CG_Sukma_Bavn09552_0443230000_CGSKAC_372234_13440_15061.wav,GONDI,Murrinh-Patha,0.09708601981401443
IISc_VaaniProject_M_CG_Sukma_Bavn09552_0620290000_CGSKMOT_372762_2880_4992.wav,GONDI,Telugu,0.2470153272151947
