Asserted_Language,Support_Status,Vendor,File_Count,Predicted_Language_Count,Predicted_Language_Probabilities,District,State
NEPALESE,Not_supported,S,56,"Bhojpuri:2,Hindi:6,Panjabi:3,Nepali (individual language):11,Gujarati:19,Bengali:2,Portuguese:1,Haitian:1,Assamese:2,Telugu:3,Mahasu Pahari:1,Sindhi:3,Marathi:2","Bhojpuri:0.129163,Hindi:0.653131,Panjabi:0.483467,Nepali (individual language):0.768208,Gujarati:0.606396,Bengali:0.794637,Portuguese:0.388921,Haitian:0.363057,Assamese:0.595839,Telugu:0.500256,Mahasu Pahari:0.131521,Sindhi:0.788683,Marathi:0.407997",Vaishali,Bihar
KHORTHA,Not_supported,"M,S",9276,"Assamese:868,Marathi:458,Hindi:2252,Sinhala:57,Nepali (individual language):392,Urdu:407,Bengali:767,Falam Chin:2,Eastern Tamang:3,Bhili:38,Kupia:11,Suruí:8,Sirmauri:49,Kullu Pahari:136,Khasi:3,Panjabi:524,Telugu:263,Sindhi:570,Burmese:28,Pushto:79,Mahasu Pahari:116,Norwegian Nynorsk:8,Manipuri:30,Santali:59,Gujarati:331,Langi:1,Churahi:9,Haryanvi:17,Marwari (Pakistan):64,Sundanese:22,Tamil:13,Adi:4,Murrinh-Patha:20,Sadri:79,Kannada:64,Kamba (Kenya):1,Malayalam:30,Korwa:6,Fiji Hindi:27,Korean:7,Central Kurdish:1,Odia:117,Maori:16,Vietnamese:2,Breton:9,Gaddi:18,Dhatki:29,Ruching Palaung:1,Mongolian:4,Mwani:1,Malvi:8,Mundari:43,Bundeli:23,Wik-Mungkan:22,Lao:8,Macedonian:1,Dhimal:4,Kurukh:99,Mru:2,Khmer:6,Malay (individual language):7,Sanskrit:36,Javanese:60,Hinduri:1,Kashmiri:34,Kumaoni:19,Catalan:2,Wagdi:23,Malagasy:4,Somali:28,Wolof:20,Nyishi:4,Mai Brat:5,Bagheli:37,Kangri:3,Northern Gondi:9,Thai:2,Amharic:16,English:4,Shona:4,Sylheti:1,Turkmen:12,Surgujia:24,Rana Tharu:9,Spanish:1,Mandeali:6,Hajong:46,Aheri Gondi:10,Uripiv-Wala-Rano-Atchin:6,Asue Awyu:9,Mambae:4,Southern Balochi:36,Lenakel:1,Markweeta:1,Maithili:4,Wersing:2,Saraiki:13,Chiquihuitlán Mazatec:1,Naga Pidgin:4,Tangchangya:26,Bhojpuri:2,Nimadi:24,Chhattisgarhi:12,Iban:1,Bisu:1,Gunwinggu:1,Napu:1,Pahari-Potwari:7,Swahili (individual language):4,Southwest Tanna:3,Turkish:4,Kok Borok:15,Luo (Kenya and Tanzania):4,Yoruba:7,Moken:2,Pangwali:5,Bhunjia:1,Kinnauri:1,Kui (India):4,Thulung:1,Beami:3,Ho:8,Duruwa:1,Balti:2,Hausa:10,Persian:12,Bagri:4,Scots:2,Tsakhur:1,Aweer:2,Batak Toba:2,Tetum:2,Gambian Wolof:2,Mainstream Kenyah:2,Waray (Philippines):3,Icelandic:3,Northern Paiute:3,Northern Hindko:2,Mangseng:1,Oromo:10,Uma' Lasan:2,Iyo:3,Halbi:1,Rundi:3,Hawaiian:8,Mandjak:4,Latin:4,Tibetan:9,Guarani:2,Rao:3,Hmong Njua:3,Haitian:6,Camling:1,Bola:2,Rajbanshi:2,Fulah:7,Hatam:1,Yongkom:2,Ghera:6,Baruga:1,Welsh:1,Kalasha:5,Chitwania Tharu:4,Rohingya:2,Yiddish:1,Tawallammat Tamajaq:1,Chittagonian:1,Kathoriya Tharu:4,Dogri (individual language):1,Chak:3,Bidyogo:1,Varli:1,Indonesian:4,Dan:1,Arabic:3,East Limba:3,Khams Tibetan:1,Uzbek:3,Tetela:2,Damal:1,Malayic Dayak:3,Sora:2,Northern Emberá:4,Gonja:1,Buru (Indonesia):1,Yocoboué Dida:2,Bhatri:3,Mahali:3,Garhwali:5,Hlai:1,Chepang:1,Dangaura Tharu:4,Cacua:1,Hadza:2,Iu Mien:2,Mandarin Chinese:1,Tzeltal:2,Western Panjabi:1,Harijan Kinnauri:2,Chakma:5,North Nuaulu:5,Tase Naga:1,Goan Konkani:4,Modern Greek (1453-):1,Norwegian Bokmål:2,Nyanja:4,Kabuverdianu:1,Embu:1,Faroese:4,Andh:1,Sonha:2,Rabha:1,Lodhi:3,Emberá-Catío:1,Gowlan:8,Ngalum:1,Kayapó:4,Koya:1,Musgu:1,Manga Kanuri:1,Lele (Chad):2,Slovenian:3,Pattani Malay:4,Georgian:2,Tetun Dili:2,Braj:1,Azerbaijani:1,Nggem:1,Gurung:6,Limbu:2,Tagal Murut:1,Mandinka:1,Kei:4,Magahi:2,Pedi:3,Wantoat:1,Thangmi:3,Esperanto:3,Kurmukar:3,Biak:2,Yemsa:2,Mewati:2,Yagua:1,Slovak:1,Bondo:1,Central Siberian Yupik:1,Khowar:1,Wambule:1,Cebuano:3,Bukit Malay:1,Bhattiyali:3,Lithuanian:1,Morigi:1,Caribbean Javanese:1,Byangsi:2,Rejang:1,Chicahuaxtla Triqui:1,Central Malay:1,Jamamadí:2,Kekchí:1,Huli:1,Yaosakor Asmat:1,Tippera:4,Sinaugoro:1,Lingala:1,Luguru:1,Dhundari:1,Rincón Zapotec:1,Benyadu':1,Adivasi Oriya:1,Malayo:1,Hixkaryána:1,Irish:1,Bodo (India):2,Berom:1,Sanumá:1,Khumi Chin:1,Kaluli:1,Mískito:1,Albanian:1,Bhilali:1,Aringa:1,Koyraboro Senni Songhai:1,Bashkir:1,Paicî:1,Tem:1,Aekyom:1,Uduk:1,Tangoa:1,Eastern Khumi Chin:1,Dobel:1,Kodaku:1,Kwamera:1,Tajik:1,Saint Lucian Creole French:1,Hebrew:1,Rakhine:1,German:1,Iraqw:1,Borei:1,Tok Pisin:1,Dyula:1,Southern Qiandong Miao:1,Tol:1,Bakairí:1","Assamese:0.724202,Marathi:0.555132,Hindi:0.633968,Sinhala:0.476374,Nepali (individual language):0.523900,Urdu:0.428426,Bengali:0.619197,Falam Chin:0.024190,Eastern Tamang:0.082614,Bhili:0.086680,Kupia:0.094593,Suruí:0.051284,Sirmauri:0.285718,Kullu Pahari:0.272736,Khasi:0.035340,Panjabi:0.556620,Telugu:0.557411,Sindhi:0.523618,Burmese:0.454875,Pushto:0.460799,Mahasu Pahari:0.252389,Norwegian Nynorsk:0.173941,Manipuri:0.154104,Santali:0.102867,Gujarati:0.486325,Langi:0.057336,Churahi:0.363456,Haryanvi:0.119679,Marwari (Pakistan):0.087705,Sundanese:0.302664,Tamil:0.550737,Adi:0.093186,Murrinh-Patha:0.043573,Sadri:0.204796,Kannada:0.578631,Kamba (Kenya):0.574755,Malayalam:0.534426,Korwa:0.047198,Fiji Hindi:0.245767,Korean:0.667452,Central Kurdish:0.398177,Odia:0.469818,Maori:0.143745,Vietnamese:0.256565,Breton:0.106647,Gaddi:0.244363,Dhatki:0.110931,Ruching Palaung:0.022193,Mongolian:0.129768,Mwani:0.056028,Malvi:0.061060,Mundari:0.087900,Bundeli:0.046633,Wik-Mungkan:0.088217,Lao:0.499555,Macedonian:0.784915,Dhimal:0.156273,Kurukh:0.159065,Mru:0.121950,Khmer:0.386793,Malay (individual language):0.236493,Sanskrit:0.334460,Javanese:0.297134,Hinduri:0.053020,Kashmiri:0.067284,Kumaoni:0.249867,Catalan:0.349803,Wagdi:0.066497,Malagasy:0.190466,Somali:0.283342,Wolof:0.140456,Nyishi:0.046443,Mai Brat:0.230934,Bagheli:0.123993,Kangri:0.200479,Northern Gondi:0.055464,Thai:0.551254,Amharic:0.381044,English:0.137340,Shona:0.372446,Sylheti:0.391489,Turkmen:0.488177,Surgujia:0.057353,Rana Tharu:0.071121,Spanish:0.175017,Mandeali:0.125229,Hajong:0.261390,Aheri Gondi:0.066441,Uripiv-Wala-Rano-Atchin:0.064482,Asue Awyu:0.066246,Mambae:0.035865,Southern Balochi:0.187143,Lenakel:0.175396,Markweeta:0.011671,Maithili:0.188490,Wersing:0.010658,Saraiki:0.155996,Chiquihuitlán Mazatec:0.012569,Naga Pidgin:0.070351,Tangchangya:0.228542,Bhojpuri:0.212613,Nimadi:0.054419,Chhattisgarhi:0.177971,Iban:0.263216,Bisu:0.025951,Gunwinggu:0.018312,Napu:0.007036,Pahari-Potwari:0.072647,Swahili (individual language):0.563391,Southwest Tanna:0.024456,Turkish:0.263071,Kok Borok:0.085433,Luo (Kenya and Tanzania):0.198479,Yoruba:0.530115,Moken:0.035956,Pangwali:0.072600,Bhunjia:0.033549,Kinnauri:0.068412,Kui (India):0.075544,Thulung:0.129025,Beami:0.032503,Ho:0.143410,Duruwa:0.031959,Balti:0.116418,Hausa:0.297721,Persian:0.336731,Bagri:0.039436,Scots:0.394202,Tsakhur:0.012605,Aweer:0.054919,Batak Toba:0.291778,Tetum:0.050730,Gambian Wolof:0.036298,Mainstream Kenyah:0.058806,Waray (Philippines):0.294993,Icelandic:0.533748,Northern Paiute:0.037305,Northern Hindko:0.128856,Mangseng:0.022848,Oromo:0.086434,Uma' Lasan:0.036730,Iyo:0.124806,Halbi:0.039323,Rundi:0.334248,Hawaiian:0.161172,Mandjak:0.048116,Latin:0.211943,Tibetan:0.444935,Guarani:0.574328,Rao:0.064365,Hmong Njua:0.066545,Haitian:0.229213,Camling:0.020129,Bola:0.081448,Rajbanshi:0.105400,Fulah:0.134335,Hatam:0.025408,Yongkom:0.207746,Ghera:0.081733,Baruga:0.017762,Welsh:0.165361,Kalasha:0.044700,Chitwania Tharu:0.043392,Rohingya:0.066637,Yiddish:0.099799,Tawallammat Tamajaq:0.324689,Chittagonian:0.131097,Kathoriya Tharu:0.065825,Dogri (individual language):0.092290,Chak:0.041508,Bidyogo:0.098467,Varli:0.019099,Indonesian:0.551133,Dan:0.024123,Arabic:0.169949,East Limba:0.113618,Khams Tibetan:0.099891,Uzbek:0.325404,Tetela:0.141479,Damal:0.023137,Malayic Dayak:0.051416,Sora:0.025161,Northern Emberá:0.043964,Gonja:0.039706,Buru (Indonesia):0.015838,Yocoboué Dida:0.034086,Bhatri:0.040141,Mahali:0.062580,Garhwali:0.091011,Hlai:0.641673,Chepang:0.015895,Dangaura Tharu:0.089625,Cacua:0.050766,Hadza:0.022279,Iu Mien:0.036890,Mandarin Chinese:0.392648,Tzeltal:0.021622,Western Panjabi:0.021771,Harijan Kinnauri:0.112926,Chakma:0.169520,North Nuaulu:0.117273,Tase Naga:0.025339,Goan Konkani:0.093377,Modern Greek (1453-):0.180942,Norwegian Bokmål:0.510675,Nyanja:0.459331,Kabuverdianu:0.023436,Embu:0.011707,Faroese:0.235187,Andh:0.026323,Sonha:0.039333,Rabha:0.024328,Lodhi:0.116441,Emberá-Catío:0.055423,Gowlan:0.059781,Ngalum:0.022933,Kayapó:0.036558,Koya:0.077216,Musgu:0.036200,Manga Kanuri:0.038171,Lele (Chad):0.061988,Slovenian:0.582578,Pattani Malay:0.063879,Georgian:0.385781,Tetun Dili:0.121916,Braj:0.020392,Azerbaijani:0.067894,Nggem:0.011883,Gurung:0.095305,Limbu:0.020096,Tagal Murut:0.014955,Mandinka:0.020808,Kei:0.038413,Magahi:0.260556,Pedi:0.227699,Wantoat:0.079666,Thangmi:0.102259,Esperanto:0.829261,Kurmukar:0.038870,Biak:0.021961,Yemsa:0.071041,Mewati:0.022688,Yagua:0.247104,Slovak:0.775268,Bondo:0.064669,Central Siberian Yupik:0.028497,Khowar:0.050105,Wambule:0.082433,Cebuano:0.223939,Bukit Malay:0.116702,Bhattiyali:0.086826,Lithuanian:0.929500,Morigi:0.034880,Caribbean Javanese:0.361813,Byangsi:0.063075,Rejang:0.023803,Chicahuaxtla Triqui:0.011053,Central Malay:0.052498,Jamamadí:0.136444,Kekchí:0.066864,Huli:0.025862,Yaosakor Asmat:0.034361,Tippera:0.058909,Sinaugoro:0.082962,Lingala:0.062471,Luguru:0.192046,Dhundari:0.023662,Rincón Zapotec:0.016537,Benyadu':0.016945,Adivasi Oriya:0.029186,Malayo:0.028743,Hixkaryána:0.020984,Irish:0.041683,Bodo (India):0.028797,Berom:0.007457,Sanumá:0.450264,Khumi Chin:0.105591,Kaluli:0.047260,Mískito:0.051181,Albanian:0.139362,Bhilali:0.091740,Aringa:0.062335,Koyraboro Senni Songhai:0.070971,Bashkir:0.508059,Paicî:0.053559,Tem:0.016079,Aekyom:0.037987,Uduk:0.155573,Tangoa:0.009308,Eastern Khumi Chin:0.012866,Dobel:0.036571,Kodaku:0.018119,Kwamera:0.083780,Tajik:0.116237,Saint Lucian Creole French:0.471220,Hebrew:0.337761,Rakhine:0.033964,German:0.008681,Iraqw:0.060663,Borei:0.008521,Tok Pisin:0.011026,Dyula:0.072523,Southern Qiandong Miao:0.020621,Tol:0.027523,Bakairí:0.038873","Sahebganj,Sahebgan,Sitamarhi,Jamtara,Madhepura","JH,Bihar,Jharkhand"
KORTHA,Not_supported,S,79,Bengali:79,Bengali:0.999671,Sitamarhi,Bihar
KUDUKH,Not_supported,S,155,"Hindi:63,Sindhi:6,Magahi:2,Bengali:11,Kurukh:20,Kannada:11,Saraiki:3,Assamese:5,Telugu:5,Urdu:3,Garifuna:1,Panjabi:7,Aheri Gondi:3,Fiji Hindi:1,Sora:1,Gujarati:2,Rana Tharu:1,Catalan:1,Pushto:2,Marathi:2,Arabic:1,Nepali (individual language):1,Maithili:1,Malayalam:1,Bagheli:1","Hindi:0.626287,Sindhi:0.610882,Magahi:0.309501,Bengali:0.548985,Kurukh:0.526756,Kannada:0.484693,Saraiki:0.205716,Assamese:0.563000,Telugu:0.526047,Urdu:0.488913,Garifuna:0.039187,Panjabi:0.481037,Aheri Gondi:0.258957,Fiji Hindi:0.142685,Sora:0.104875,Gujarati:0.201073,Rana Tharu:0.129766,Catalan:0.367479,Pushto:0.360417,Marathi:0.457528,Arabic:0.067804,Nepali (individual language):0.583225,Maithili:0.233701,Malayalam:0.874574,Bagheli:0.058355",Jashpur,Chhattisgarh
MARWARI,Not_supported,"M,S",33822,"Hindi:11994,Southern Balochi:188,Panjabi:5425,Sindhi:1902,Gujarati:1620,Malvi:104,Urdu:3581,Murrinh-Patha:17,Kurukh:48,Marathi:543,Daur:5,Saraiki:501,Telugu:398,Northern Hindko:562,Gowlan:18,Bengali:282,Marwari (Pakistan):454,Haryanvi:185,Kannada:780,Wagdi:121,Pushto:277,Mandeali:144,Bundeli:50,Bhili:205,Pahari-Potwari:170,Gaddi:347,Pangwali:189,Interlingua (International Auxiliary Language Association):1,Nepali (individual language):170,Kullu Pahari:346,Assamese:73,Dazaga:9,Dogrib:1,Malayalam:228,Ghera:81,Gujari:69,Wik-Mungkan:13,Bodo (India):3,Tamil:206,Sinhala:302,Western Panjabi:43,Tajik:3,Garhwali:32,Jamamadí:2,Paicî:7,Mahasu Pahari:97,Hixkaryána:1,Kashmiri:320,Irula:22,Fiji Hindi:54,Norwegian Nynorsk:19,Kangri:113,Dhatki:138,French:1,Armenian:5,Kachi Koli:29,Spanish:1,Odia:17,Javanese:13,Southern Ghale:3,Sansi:35,Nimadi:28,Bagheli:10,Faroese:10,Dogri (individual language):79,Bagri:33,Duruwa:6,Fulah:4,Mískito:2,Sirmauri:27,Northern Emberá:7,Oromo:12,Sanskrit:25,Korean:2,Santali:9,Turkmen:28,Churahi:77,Suruí:16,Tibetan:26,Awadhi:1,Maori:20,Rao:3,Malagasy:2,Slovenian:12,Zande (individual language):3,Tawallammat Tamajaq:6,Bhattiyali:53,Pattani:1,Byangsi:5,Aheri Gondi:47,Bosnian:2,Burmese:10,Indonesian:2,Sartang:1,Kumaoni:14,Kinyarwanda:3,Amharic:14,Tinani:22,Turkish:3,Naga Pidgin:3,Somali:20,Dano:1,Ho:3,Kupia:22,Lao:6,Northern Kurdish:3,Nyanja:2,Hausa:8,Bakairí:2,Hinduri:48,English:6,Andh:2,Portuguese:4,Vaagri Booli:19,Pedi:3,Varhadi-Nagpuri:3,Kija:1,Kirghiz:1,Hajong:2,Mewati:2,Gavião Do Jiparaná:1,Romanian:5,Kathoriya Tharu:1,Betta Kurumba:4,Tarao Naga:1,Kalasha:21,Tugen:1,Persian:3,Dzongkha:2,Goan Konkani:7,Croatian:2,Kamba (Kenya):1,Irish:2,Lolopo:1,Andaman Creole Hindi:3,Mandjak:2,Herero:2,Icelandic:5,Japanese:1,Mongolian:12,Latin:7,Guarani:6,Rana Tharu:6,Thulung:1,Amdo Tibetan:1,Hungarian:1,Ukrainian:1,Malay (individual language):4,Hmong Njua:1,Busang Kayan:1,Aekyom:2,Mundari:10,Baure:1,Jennu Kurumba:4,Maithili:3,Ixcatlán Mazatec:1,Kudiya:1,Kui (India):5,Gogodala:4,Chakma:1,Hawaiian:3,Chhattisgarhi:9,Jad:1,Manga Kanuri:2,Northern Gondi:2,Tawang Monpa:1,Aweer:8,Russian:2,Wolof:5,Salar:2,Gurung:7,Korwa:6,Welsh:5,Tatar:6,Bench:1,Czech:2,Borôro:2,Marwari (India):2,Maria (India):2,Gonja:1,Lodhi:7,Nyishi:7,Koya:2,Iyo:2,Mullu Kurumba:1,Brahui:3,Chitwania Tharu:4,Northern Paiute:1,Sora:3,Yakut:1,Kazakh:7,Khams Tibetan:2,Cebuano:1,Tase Naga:3,Italian:1,Kabiyè:1,Nunggubuyu:1,Ganda:2,Esperanto:6,Balanta-Kentohe:3,Ambulas:2,Dhimal:2,Moru:1,Angor:2,Allar:6,Tippera:2,Bakwé:1,Norwegian Bokmål:7,Jangshung:2,Hmong Daw:1,Bulgarian:2,Bashkir:4,Southeastern Dinka:1,Central Malay:1,Ntcham:1,Woun Meu:1,Yagua:7,Shekhawati:1,Surgujia:2,Tagin:3,Albanian:7,Arabic:3,Bhunjia:3,Uma' Lasan:2,Tagalog:1,Hlai:1,Iyojwa'ja Chorote:1,Haitian:9,Mukulu:1,Sirionó:1,Balti:1,Girawa:2,Lacandon:1,Bidyogo:2,Serbian:1,Western Parbate Kham:1,Georgian:2,Sadri:4,Manipuri:4,Juang:3,Yagaria:1,Shona:3,Thai:3,Sundanese:2,Northern Tepehuan:2,Kaingang:1,Rathwi Bareli:1,Nyungar:1,Acheron:1,Southern Nambikuára:2,Finnish:1,Dendi (Benin):2,Maquiritari:1,Mro-Khimi Chin:1,Limbu:3,Kabuverdianu:1,Occitan (post 1500):2,Estonian:3,Guajá:1,Koyraboro Senni Songhai:2,Polish:1,Ladakhi:1,Mahali:3,Huastec:1,Pökoot:1,Gilaki:2,Menya:1,Swedish:1,Ruching Palaung:1,Khowar:1,Malol:1,Achang:1,Piratapuyo:2,Belarusian:1,Azerbaijani:1,Rendille:1,Namia:1,Dhivehi:2,Crow:1,Kayapó:2,Bazigar:1,Ramoaaina:1,Aruop:1,Chepang:1,Ayutla Mixtec:1,Lithuanian:2,Danish:1,Me'en:1,Kire:1,Breton:2,Chak:1,Kuikúro-Kalapálo:1,Swahili (individual language):1,Central Kurdish:1,Mumuye:1,Eastern Highland Chatino:1,Hebrew:1,Hanga:1,Waray (Philippines):2,Tsimané:1,Beami:1,Northwestern Kolami:1,Lepcha:1,Magahi:1,Yiddish:1,Cashinahua:1,Ndo:1,Mangarrayi:1,Emberá-Catío:1,Catalan:1,San Marcos Tlacoyalco Popoloca:1,Saho:1,Kuman (Papua New Guinea):1,Manx:1,Amganad Ifugao:1,Uzbek:2,Pattani Malay:1,Tangchangya:1,Angal Heneng:1,Naasioi:1,Even:1","Hindi:0.713413,Southern Balochi:0.233354,Panjabi:0.633653,Sindhi:0.579034,Gujarati:0.604163,Malvi:0.221936,Urdu:0.564441,Murrinh-Patha:0.053756,Kurukh:0.095613,Marathi:0.582208,Daur:0.057634,Saraiki:0.184505,Telugu:0.478168,Northern Hindko:0.274978,Gowlan:0.086128,Bengali:0.772865,Marwari (Pakistan):0.106082,Haryanvi:0.180480,Kannada:0.575510,Wagdi:0.077028,Pushto:0.512505,Mandeali:0.184890,Bundeli:0.057648,Bhili:0.154049,Pahari-Potwari:0.086391,Gaddi:0.164402,Pangwali:0.084074,Interlingua (International Auxiliary Language Association):0.380734,Nepali (individual language):0.467243,Kullu Pahari:0.224165,Assamese:0.633604,Dazaga:0.155685,Dogrib:0.035788,Malayalam:0.587563,Ghera:0.202548,Gujari:0.045881,Wik-Mungkan:0.113663,Bodo (India):0.022519,Tamil:0.721351,Sinhala:0.608945,Western Panjabi:0.081683,Tajik:0.352105,Garhwali:0.118066,Jamamadí:0.055651,Paicî:0.035659,Mahasu Pahari:0.200205,Hixkaryána:0.282057,Kashmiri:0.098271,Irula:0.141134,Fiji Hindi:0.352641,Norwegian Nynorsk:0.213908,Kangri:0.176772,Dhatki:0.085667,French:0.046175,Armenian:0.378896,Kachi Koli:0.031429,Spanish:0.490164,Odia:0.341508,Javanese:0.306337,Southern Ghale:0.050160,Sansi:0.052851,Nimadi:0.041493,Bagheli:0.075264,Faroese:0.312924,Dogri (individual language):0.265313,Bagri:0.078461,Duruwa:0.033621,Fulah:0.065781,Mískito:0.046498,Sirmauri:0.132786,Northern Emberá:0.086119,Oromo:0.179853,Sanskrit:0.290835,Korean:0.493430,Santali:0.089046,Turkmen:0.452486,Churahi:0.185925,Suruí:0.086407,Tibetan:0.380660,Awadhi:0.069759,Maori:0.170629,Rao:0.110342,Malagasy:0.295426,Slovenian:0.378106,Zande (individual language):0.129929,Tawallammat Tamajaq:0.058372,Bhattiyali:0.118980,Pattani:0.068480,Byangsi:0.079916,Aheri Gondi:0.141391,Bosnian:0.051125,Burmese:0.597515,Indonesian:0.435776,Sartang:0.025224,Kumaoni:0.140674,Kinyarwanda:0.874665,Amharic:0.427338,Tinani:0.044596,Turkish:0.045357,Naga Pidgin:0.063394,Somali:0.192716,Dano:0.029984,Ho:0.153577,Kupia:0.147958,Lao:0.534032,Northern Kurdish:0.058116,Nyanja:0.123230,Hausa:0.347699,Bakairí:0.044654,Hinduri:0.069110,English:0.097689,Andh:0.026097,Portuguese:0.144974,Vaagri Booli:0.094273,Pedi:0.136833,Varhadi-Nagpuri:0.095794,Kija:0.036054,Kirghiz:0.178242,Hajong:0.072911,Mewati:0.032040,Gavião Do Jiparaná:0.124584,Romanian:0.230974,Kathoriya Tharu:0.034761,Betta Kurumba:0.037338,Tarao Naga:0.047548,Kalasha:0.133401,Tugen:0.036374,Persian:0.038250,Dzongkha:0.065536,Goan Konkani:0.056576,Croatian:0.346900,Kamba (Kenya):0.668542,Irish:0.064131,Lolopo:0.022626,Andaman Creole Hindi:0.093891,Mandjak:0.049700,Herero:0.061851,Icelandic:0.377448,Japanese:0.898423,Mongolian:0.434899,Latin:0.142262,Guarani:0.429458,Rana Tharu:0.034480,Thulung:0.021643,Amdo Tibetan:0.040484,Hungarian:0.010654,Ukrainian:0.542407,Malay (individual language):0.281412,Hmong Njua:0.066348,Busang Kayan:0.018917,Aekyom:0.115359,Mundari:0.056338,Baure:0.014969,Jennu Kurumba:0.064456,Maithili:0.155466,Ixcatlán Mazatec:0.006326,Kudiya:0.021895,Kui (India):0.058626,Gogodala:0.034205,Chakma:0.083111,Hawaiian:0.091940,Chhattisgarhi:0.191279,Jad:0.016519,Manga Kanuri:0.126429,Northern Gondi:0.054437,Tawang Monpa:0.108626,Aweer:0.035917,Russian:0.278193,Wolof:0.056174,Salar:0.068866,Gurung:0.273848,Korwa:0.044608,Welsh:0.189633,Tatar:0.344782,Bench:0.023827,Czech:0.283689,Borôro:0.226348,Marwari (India):0.031135,Maria (India):0.077457,Gonja:0.176467,Lodhi:0.098969,Nyishi:0.051736,Koya:0.035507,Iyo:0.018425,Mullu Kurumba:0.033314,Brahui:0.075484,Chitwania Tharu:0.056628,Northern Paiute:0.032867,Sora:0.035160,Yakut:0.022397,Kazakh:0.226804,Khams Tibetan:0.027168,Cebuano:0.737429,Tase Naga:0.047720,Italian:0.305608,Kabiyè:0.016213,Nunggubuyu:0.076683,Ganda:0.266789,Esperanto:0.458804,Balanta-Kentohe:0.028859,Ambulas:0.030538,Dhimal:0.058885,Moru:0.032615,Angor:0.034239,Allar:0.070334,Tippera:0.031108,Bakwé:0.056791,Norwegian Bokmål:0.241699,Jangshung:0.016857,Hmong Daw:0.056667,Bulgarian:0.162059,Bashkir:0.202186,Southeastern Dinka:0.044070,Central Malay:0.055764,Ntcham:0.034151,Woun Meu:0.287711,Yagua:0.263733,Shekhawati:0.027094,Surgujia:0.042320,Tagin:0.064734,Albanian:0.399197,Arabic:0.467820,Bhunjia:0.031243,Uma' Lasan:0.044852,Tagalog:0.098056,Hlai:0.035755,Iyojwa'ja Chorote:0.030499,Haitian:0.168923,Mukulu:0.007519,Sirionó:0.082114,Balti:0.098232,Girawa:0.138408,Lacandon:0.007899,Bidyogo:0.047945,Serbian:0.362165,Western Parbate Kham:0.084352,Georgian:0.577459,Sadri:0.303934,Manipuri:0.161771,Juang:0.446907,Yagaria:0.056279,Shona:0.161952,Thai:0.311847,Sundanese:0.125624,Northern Tepehuan:0.019021,Kaingang:0.024862,Rathwi Bareli:0.126801,Nyungar:0.012853,Acheron:0.046727,Southern Nambikuára:0.052701,Finnish:0.033532,Dendi (Benin):0.029014,Maquiritari:0.333595,Mro-Khimi Chin:0.009634,Limbu:0.024567,Kabuverdianu:0.162070,Occitan (post 1500):0.138230,Estonian:0.527893,Guajá:0.026530,Koyraboro Senni Songhai:0.014388,Polish:0.818669,Ladakhi:0.011053,Mahali:0.121741,Huastec:0.006679,Pökoot:0.021204,Gilaki:0.044546,Menya:0.058926,Swedish:0.489236,Ruching Palaung:0.029336,Khowar:0.082620,Malol:0.007764,Achang:0.304570,Piratapuyo:0.107420,Belarusian:0.912688,Azerbaijani:0.045578,Rendille:0.026564,Namia:0.010632,Dhivehi:0.126399,Crow:0.014480,Kayapó:0.189863,Bazigar:0.022572,Ramoaaina:0.038528,Aruop:0.058469,Chepang:0.031156,Ayutla Mixtec:0.013153,Lithuanian:0.368093,Danish:0.243596,Me'en:0.019289,Kire:0.023234,Breton:0.272189,Chak:0.020719,Kuikúro-Kalapálo:0.072108,Swahili (individual language):0.091936,Central Kurdish:0.505607,Mumuye:0.011660,Eastern Highland Chatino:0.040939,Hebrew:0.084212,Hanga:0.023771,Waray (Philippines):0.243795,Tsimané:0.077415,Beami:0.027056,Northwestern Kolami:0.011913,Lepcha:0.041644,Magahi:0.223608,Yiddish:0.177425,Cashinahua:0.069946,Ndo:0.021770,Mangarrayi:0.012469,Emberá-Catío:0.067648,Catalan:0.592422,San Marcos Tlacoyalco Popoloca:0.134914,Saho:0.110513,Kuman (Papua New Guinea):0.526187,Manx:0.033888,Amganad Ifugao:0.022016,Uzbek:0.527456,Pattani Malay:0.026161,Tangchangya:0.223806,Angal Heneng:0.041357,Naasioi:0.013219,Even:0.045870","Nagaur,Gaya,Churu","Bihar,RJ,Rajasthan"
BAJJIKA,Not_supported,S,20697,"Gujarati:746,Hindi:5486,Panjabi:139,Sanskrit:27,Bhojpuri:1779,Nepali (individual language):3206,Rana Tharu:251,Bengali:2761,Kullu Pahari:18,Marathi:203,Chitwania Tharu:47,Assamese:1586,Sundanese:7,Sindhi:340,Bagheli:556,Urdu:175,Oraon Sadri:72,Hajong:134,Chhattisgarhi:130,Persian:26,Sirmauri:13,Somali:72,Maithili:412,Manipuri:245,Nias:3,Surgujia:152,Bundeli:38,Fiji Hindi:124,Dangaura Tharu:8,Pattani Malay:2,Kurukh:176,Kathoriya Tharu:58,Northern Gondi:10,Sadri:66,Fulah:8,Nimadi:43,Kochila Tharu:42,Mahasu Pahari:147,Aweer:7,Odia:145,Slovenian:1,Tangchangya:22,Burmese:25,Dhatki:7,Sinhala:64,Rohingya:6,Kashmiri:39,Selaru:2,Marwari (Pakistan):55,Magahi:91,Pushto:34,Sunwar:1,Wagdi:44,Hlai:8,Santali:41,Rajbanshi:6,Gurung:25,Moken:2,Hawaiian:21,Gogodala:13,Yagua:3,Kannada:40,Pare:1,Telugu:33,Eastern Tamang:1,Haitian:6,Irish:1,Tibetan:10,Bhili:9,Malay (individual language):3,Saraiki:6,Kumaoni:17,Mandeali:17,Ramoaaina:1,Alyawarr:1,Maltese:1,Aekyom:3,Italian:2,Maori:38,Sauria Paharia:41,Seri:1,Lao:16,Halbi:2,Kodaku:1,Songomeno:1,Khaling:2,Ruching Palaung:2,Mundari:13,Thai:6,Iu Mien:1,Sonha:5,Malayalam:10,Turkish:1,Kok Borok:12,Sylheti:6,Aheri Gondi:4,Uma' Lung:1,Breton:9,Koyraboro Senni Songhai:1,Tippera:5,Matbat:1,Faroese:1,Waray (Philippines):6,Khasi:12,Kayapó:3,Bakairí:2,Pirahã:1,Kalasha:8,Khmer:7,Caribbean Hindustani:7,Northeast Kiwai:1,Norwegian Nynorsk:5,Kanjari:4,North Nuaulu:1,Tagin:1,Garhwali:5,Chru:1,Yoruba:4,Awadhi:14,Kanasi:1,Welsh:3,Kurmukar:1,Woun Meu:8,Dhangu-Djangu:1,Pangwali:7,Wolof:9,Western Parbate Kham:2,Jamamadí:5,Thangmi:2,Dolpo:1,Portuguese:8,Shona:2,Icelandic:1,Puinave:1,Javanese:21,Central Malay:1,Swedish:1,Naga Pidgin:1,Hadza:2,Wik-Mungkan:7,Northern Hindko:4,Ghera:17,Chepang:2,Tawallammat Tamajaq:1,Tereno:1,Luo (Kenya and Tanzania):2,Byangsi:8,Busang Kayan:1,Chak:5,Nateni:1,Canela:5,Kangri:1,Bodo (India):1,Albanian:1,Bosnian:2,Amharic:1,Yiddish:1,Murrinh-Patha:2,Guahibo:2,Latin:1,Churahi:1,Indonesian:1,Mbukushu:1,Camling:1,Oromo:3,Chakma:12,Ringgou:1,Rakhine:2,Chittagonian:1,Hebrew:3,Iamalele:1,Romanian:2,Nyishi:2,Danish:2,Borôro:4,Afrikaans:1,Besoa:2,Central Kurdish:1,Buglere:2,Northern Emberá:5,Kui (India):1,Uab Meto:1,Thulung:4,Sanumá:1,Darai:4,Kaiwá:1,Tonga (Tonga Islands):1,Lowland Tarahumara:1,Balanta-Kentohe:2,Jumli:2,Semandang:1,Bom-Kim:2,Amganad Ifugao:1,Tamil:1,Seko Padang:1,Tiv:1,Tagal Murut:1,Gaddi:1,Guarani:5,Suruí:4,Kija:2,Teop:2,Sampang:1,Bagri:1,Kayabí:1,Blang:1,Ngäbere:2,Khowar:1,Vietnamese:3,Irula:1,Keapara:3,Bisu:2,Tase Naga:2,Bhunjia:1,Bawm Chin:1,Mon:1,Gavião Do Jiparaná:1,Lodhi:1,Dhanwar (Nepal):1,Nyungar:1,Loko:1,Northern Paiute:1,Moi (Indonesia):1,Orejón:1,Bukar-Sadung Bidayuh:1,Maria (India):2,Tajik:2,Newari:2,Georgian:1,Achang:1,Mambae:1,Hmong Njua:1,Pahari-Potwari:1,Manikion:1,Dzongkha:1,Angor:1,Bada (Indonesia):1,Mru:4,Takia:1,Busa:1,Mufian:1,Toaripi:1,Swahili (individual language):1,Pedi:1,English:2,Bhatri:3,Northern Kurdish:1,Turkmen:2,Esperanto:1,Bauzi:1,Lepcha:2,Pakaásnovos:1,Norwegian Bokmål:1,Korean:1,Ticuna:1,Spanish:1,Guajá:1,Malagasy:1,Yaminahua:1,Ayoreo:1,K'iche':1,Yongkom:1,Iyo:1,Sora:1,Teribe:1","Gujarati:0.522528,Hindi:0.666658,Panjabi:0.456562,Sanskrit:0.307415,Bhojpuri:0.330035,Nepali (individual language):0.622106,Rana Tharu:0.097068,Bengali:0.574385,Kullu Pahari:0.127876,Marathi:0.551699,Chitwania Tharu:0.122015,Assamese:0.713662,Sundanese:0.240376,Sindhi:0.461466,Bagheli:0.195164,Urdu:0.463355,Oraon Sadri:0.199274,Hajong:0.276228,Chhattisgarhi:0.338264,Persian:0.339094,Sirmauri:0.130306,Somali:0.434915,Maithili:0.201000,Manipuri:0.268738,Nias:0.031606,Surgujia:0.185294,Bundeli:0.079269,Fiji Hindi:0.324182,Dangaura Tharu:0.191196,Pattani Malay:0.079460,Kurukh:0.166450,Kathoriya Tharu:0.121534,Northern Gondi:0.113383,Sadri:0.190644,Fulah:0.168030,Nimadi:0.055069,Kochila Tharu:0.171389,Mahasu Pahari:0.184994,Aweer:0.089492,Odia:0.436644,Slovenian:0.102979,Tangchangya:0.278323,Burmese:0.497202,Dhatki:0.109425,Sinhala:0.628685,Rohingya:0.221193,Kashmiri:0.079595,Selaru:0.020244,Marwari (Pakistan):0.096054,Magahi:0.498170,Pushto:0.310883,Sunwar:0.034507,Wagdi:0.073056,Hlai:0.190925,Santali:0.091257,Rajbanshi:0.094403,Gurung:0.185078,Moken:0.233135,Hawaiian:0.252053,Gogodala:0.050169,Yagua:0.075494,Kannada:0.497929,Pare:0.020920,Telugu:0.514477,Eastern Tamang:0.017730,Haitian:0.588034,Irish:0.073804,Tibetan:0.330154,Bhili:0.096850,Malay (individual language):0.224466,Saraiki:0.066370,Kumaoni:0.241038,Mandeali:0.151110,Ramoaaina:0.020888,Alyawarr:0.038617,Maltese:0.158728,Aekyom:0.019258,Italian:0.236556,Maori:0.223269,Sauria Paharia:0.194655,Seri:0.028031,Lao:0.397290,Halbi:0.266747,Kodaku:0.033519,Songomeno:0.075214,Khaling:0.132280,Ruching Palaung:0.145323,Mundari:0.055186,Thai:0.396493,Iu Mien:0.085519,Sonha:0.045151,Malayalam:0.412224,Turkish:0.366759,Kok Borok:0.095965,Sylheti:0.334493,Aheri Gondi:0.143507,Uma' Lung:0.051268,Breton:0.199685,Koyraboro Senni Songhai:0.015491,Tippera:0.074787,Matbat:0.030182,Faroese:0.295031,Waray (Philippines):0.256253,Khasi:0.102837,Kayapó:0.029495,Bakairí:0.036128,Pirahã:0.070449,Kalasha:0.061266,Khmer:0.384011,Caribbean Hindustani:0.460324,Northeast Kiwai:0.263221,Norwegian Nynorsk:0.332181,Kanjari:0.041703,North Nuaulu:0.096396,Tagin:0.012588,Garhwali:0.135456,Chru:0.014098,Yoruba:0.058197,Awadhi:0.128016,Kanasi:0.640697,Welsh:0.285075,Kurmukar:0.104245,Woun Meu:0.148348,Dhangu-Djangu:0.035931,Pangwali:0.049567,Wolof:0.121693,Western Parbate Kham:0.066131,Jamamadí:0.151948,Thangmi:0.145323,Dolpo:0.079777,Portuguese:0.268202,Shona:0.127183,Icelandic:0.045413,Puinave:0.082531,Javanese:0.241062,Central Malay:0.015641,Swedish:0.688260,Naga Pidgin:0.069247,Hadza:0.024069,Wik-Mungkan:0.099256,Northern Hindko:0.170758,Ghera:0.126809,Chepang:0.051660,Tawallammat Tamajaq:0.062800,Tereno:0.105094,Luo (Kenya and Tanzania):0.070358,Byangsi:0.068737,Busang Kayan:0.034069,Chak:0.057878,Nateni:0.038452,Canela:0.048909,Kangri:0.359644,Bodo (India):0.059912,Albanian:0.184977,Bosnian:0.202432,Amharic:0.848763,Yiddish:0.079402,Murrinh-Patha:0.055022,Guahibo:0.024871,Latin:0.015153,Churahi:0.058444,Indonesian:0.281548,Mbukushu:0.171204,Camling:0.033740,Oromo:0.428035,Chakma:0.170834,Ringgou:0.009726,Rakhine:0.023477,Chittagonian:0.327084,Hebrew:0.344067,Iamalele:0.011003,Romanian:0.122101,Nyishi:0.027317,Danish:0.199605,Borôro:0.183385,Afrikaans:0.306401,Besoa:0.018464,Central Kurdish:0.374549,Buglere:0.168428,Northern Emberá:0.042231,Kui (India):0.010566,Uab Meto:0.298889,Thulung:0.098480,Sanumá:0.025239,Darai:0.107074,Kaiwá:0.083353,Tonga (Tonga Islands):0.070514,Lowland Tarahumara:0.017591,Balanta-Kentohe:0.045525,Jumli:0.066535,Semandang:0.042804,Bom-Kim:0.139264,Amganad Ifugao:0.025683,Tamil:0.090461,Seko Padang:0.019982,Tiv:0.010563,Tagal Murut:0.046006,Gaddi:0.061689,Guarani:0.558332,Suruí:0.055583,Kija:0.013986,Teop:0.029511,Sampang:0.023264,Bagri:0.045547,Kayabí:0.013547,Blang:0.591025,Ngäbere:0.371734,Khowar:0.057344,Vietnamese:0.101710,Irula:0.143492,Keapara:0.043974,Bisu:0.060238,Tase Naga:0.083639,Bhunjia:0.021323,Bawm Chin:0.064524,Mon:0.597240,Gavião Do Jiparaná:0.023081,Lodhi:0.136288,Dhanwar (Nepal):0.119276,Nyungar:0.035089,Loko:0.058934,Northern Paiute:0.026394,Moi (Indonesia):0.019084,Orejón:0.043298,Bukar-Sadung Bidayuh:0.012086,Maria (India):0.056482,Tajik:0.517678,Newari:0.440128,Georgian:0.579383,Achang:0.053243,Mambae:0.042637,Hmong Njua:0.017163,Pahari-Potwari:0.023708,Manikion:0.071876,Dzongkha:0.299060,Angor:0.011200,Bada (Indonesia):0.027727,Mru:0.101488,Takia:0.054626,Busa:0.025499,Mufian:0.013879,Toaripi:0.207971,Swahili (individual language):0.086810,Pedi:0.142480,English:0.014775,Bhatri:0.197995,Northern Kurdish:0.200191,Turkmen:0.236751,Esperanto:0.486805,Bauzi:0.019749,Lepcha:0.021272,Pakaásnovos:0.019554,Norwegian Bokmål:0.295115,Korean:0.083677,Ticuna:0.032432,Spanish:0.110502,Guajá:0.540263,Malagasy:0.101101,Yaminahua:0.058130,Ayoreo:0.060712,K'iche':0.020438,Yongkom:0.073552,Iyo:0.008039,Sora:0.105407,Teribe:0.016358","Muzaffarpur,Samastipur,Sitamarhi,Vaishali",Bihar
BADAYUNI,Not_supported,S,168,"Marathi:110,Bengali:45,Telugu:1,Assamese:1,Gujarati:11","Marathi:0.991040,Bengali:0.962180,Telugu:0.565158,Assamese:0.788687,Gujarati:0.807781",Budaun,Uttarpradesh
KHANDESHI,Not_supported,M,2979,"Marathi:1745,Mandeali:4,Pushto:117,Goan Konkani:7,Bengali:75,Nepali (individual language):170,Gujarati:78,Telugu:120,Hausa:6,Bulgarian:1,Sinhala:56,Haitian:12,Hindi:34,Tibetan:15,Romanian:8,Sindhi:41,Lithuanian:3,Assamese:52,Kannada:73,Odia:1,Maori:4,Khmer:2,Gurung:4,Uzbek:6,Javanese:31,Persian:3,Xhosa:1,Spanish:3,Guayabero:1,Malayalam:22,Manx:1,Hajong:1,Albanian:1,Panjabi:27,Yoruba:4,Shona:10,Southern Ghale:2,Tamil:3,Cebuano:2,Arabic:2,Lingala:2,Malay (individual language):10,Oromo:5,Tajik:2,Lao:6,Italian:3,Byangsi:4,Burmese:5,Sanskrit:5,Galician:1,Kalasha:3,Thai:7,Mongolian:4,Malagasy:13,Urdu:10,Upper Ta'oih:1,Aheri Gondi:2,Palenquero:4,Korean:4,Macedonian:5,Turkmen:3,Tatar:1,Welsh:3,Murrinh-Patha:2,Hlai:1,Indonesian:4,Amharic:5,Guarani:1,Slovenian:4,Andh:1,Varhadi-Nagpuri:3,Wolof:6,Mahasu Pahari:6,Yanomamö:1,Somali:7,Wik-Mungkan:1,Portuguese:7,Modern Greek (1453-):1,Breton:1,Fulah:2,Mayangna:1,Moken:1,Tangchangya:1,Kashmiri:7,Occitan (post 1500):2,Swahili (individual language):3,Sundanese:8,Naga Pidgin:1,Rabha:1,Tetum:1,Eastern Tamang:1,Kullu Pahari:2,Faroese:1,Turkish:1,Kabuverdianu:6,Southern Birifor:1,Belarusian:2,Kazakh:1,Petats:1,Ron:1,Bhili:1,Kinyarwanda:1,Norwegian Bokmål:1,Pattani:1,Mandjak:1,Kwamera:3,Balti:1,Aweer:1,Matís:1,Catalan:3,English:2,Santali:1,Thangmi:1,Interlingua (International Auxiliary Language Association):1,Manipuri:1,Tagalog:2,Yue Chinese:1,Garifuna:1,Icelandic:1,Norwegian Nynorsk:1,Ganda:1,Northern Hindko:1,Irish:1,Kamba (Kenya):1,Dhanki:1,Azerbaijani:1","Marathi:0.878660,Mandeali:0.263891,Pushto:0.706865,Goan Konkani:0.091207,Bengali:0.691282,Nepali (individual language):0.592104,Gujarati:0.569082,Telugu:0.635803,Hausa:0.412320,Bulgarian:0.081210,Sinhala:0.562295,Haitian:0.359460,Hindi:0.562259,Tibetan:0.471444,Romanian:0.358819,Sindhi:0.531184,Lithuanian:0.537482,Assamese:0.682496,Kannada:0.630435,Odia:0.496848,Maori:0.505555,Khmer:0.172041,Gurung:0.237728,Uzbek:0.288192,Javanese:0.273235,Persian:0.541344,Xhosa:0.434790,Spanish:0.278175,Guayabero:0.031369,Malayalam:0.529843,Manx:0.907274,Hajong:0.318845,Albanian:0.327744,Panjabi:0.425085,Yoruba:0.403422,Shona:0.343543,Southern Ghale:0.013629,Tamil:0.646435,Cebuano:0.176981,Arabic:0.260972,Lingala:0.223120,Malay (individual language):0.259729,Oromo:0.137478,Tajik:0.181497,Lao:0.558372,Italian:0.222114,Byangsi:0.060499,Burmese:0.384376,Sanskrit:0.142988,Galician:0.118270,Kalasha:0.100085,Thai:0.313200,Mongolian:0.288117,Malagasy:0.679732,Urdu:0.345018,Upper Ta'oih:0.013277,Aheri Gondi:0.110105,Palenquero:0.083200,Korean:0.202208,Macedonian:0.182366,Turkmen:0.244611,Tatar:0.149538,Welsh:0.138819,Murrinh-Patha:0.035154,Hlai:0.150600,Indonesian:0.470524,Amharic:0.204684,Guarani:0.995711,Slovenian:0.330498,Andh:0.023609,Varhadi-Nagpuri:0.124884,Wolof:0.215366,Mahasu Pahari:0.202129,Yanomamö:0.220463,Somali:0.247152,Wik-Mungkan:0.132606,Portuguese:0.268281,Modern Greek (1453-):0.972185,Breton:0.210643,Fulah:0.077290,Mayangna:0.040955,Moken:0.054026,Tangchangya:0.043432,Kashmiri:0.173318,Occitan (post 1500):0.185318,Swahili (individual language):0.718897,Sundanese:0.279474,Naga Pidgin:0.219060,Rabha:0.009324,Tetum:0.046058,Eastern Tamang:0.631504,Kullu Pahari:0.258086,Faroese:0.317605,Turkish:0.110225,Kabuverdianu:0.547642,Southern Birifor:0.017374,Belarusian:0.653302,Kazakh:0.270243,Petats:0.016243,Ron:0.021997,Bhili:0.043617,Kinyarwanda:0.921026,Norwegian Bokmål:0.029791,Pattani:0.037407,Mandjak:0.055894,Kwamera:0.049150,Balti:0.019614,Aweer:0.058458,Matís:0.028912,Catalan:0.434807,English:0.098664,Santali:0.047414,Thangmi:0.044409,Interlingua (International Auxiliary Language Association):0.072958,Manipuri:0.066306,Tagalog:0.501054,Yue Chinese:0.165166,Garifuna:0.030745,Icelandic:0.563632,Norwegian Nynorsk:0.111677,Ganda:0.892099,Northern Hindko:0.129243,Irish:0.027315,Kamba (Kenya):0.319174,Dhanki:0.028777,Azerbaijani:0.867347",Dhule,MH
DORLI,Not_supported,M,995,"Bengali:778,Oromo:2,Assamese:47,Russian:1,Marathi:6,Shona:2,Georgian:2,Tibetan:5,Hindi:4,Basque:2,Romanian:2,Telugu:5,Panjabi:8,Turkish:8,Javanese:8,Mongolian:12,Uzbek:4,Amharic:5,Wolof:4,Slovenian:3,Pushto:5,Kannada:1,Fulah:4,Goan Konkani:1,Somali:3,Polish:1,English:4,Sinhala:3,Haitian:3,Esperanto:1,Hausa:4,Luo (Kenya and Tanzania):2,Kabuverdianu:2,Faroese:4,Gujarati:2,Malagasy:2,Vietnamese:1,Malayalam:2,Macedonian:2,Nepali (individual language):2,Tagalog:1,Belarusian:2,Korean:8,Slovak:1,Uripiv-Wala-Rano-Atchin:1,Lithuanian:1,Spanish:1,Italian:1,Tatar:4,Indonesian:1,Sindhi:1,Persian:1,Arabic:1,Bosnian:1,Welsh:1,Catalan:2,Portuguese:2,Bulgarian:1,Xhosa:1,Breton:1,Urdu:1,Kirghiz:1,Abkhazian:1,Norwegian Nynorsk:1,Interlingua (International Auxiliary Language Association):1","Bengali:0.945747,Oromo:0.222483,Assamese:0.814093,Russian:0.262226,Marathi:0.513790,Shona:0.455331,Georgian:0.228288,Tibetan:0.661927,Hindi:0.408294,Basque:0.906912,Romanian:0.151355,Telugu:0.469430,Panjabi:0.375299,Turkish:0.410977,Javanese:0.269656,Mongolian:0.857432,Uzbek:0.312578,Amharic:0.535503,Wolof:0.123627,Slovenian:0.224095,Pushto:0.321872,Kannada:0.254407,Fulah:0.244164,Goan Konkani:0.068910,Somali:0.416361,Polish:0.275858,English:0.081813,Sinhala:0.416051,Haitian:0.219911,Esperanto:0.573806,Hausa:0.509606,Luo (Kenya and Tanzania):0.176580,Kabuverdianu:0.165385,Faroese:0.129623,Gujarati:0.748036,Malagasy:0.164081,Vietnamese:0.374518,Malayalam:0.425191,Macedonian:0.192900,Nepali (individual language):0.532593,Tagalog:0.146105,Belarusian:0.489399,Korean:0.637174,Slovak:0.614776,Uripiv-Wala-Rano-Atchin:0.025253,Lithuanian:0.309758,Spanish:0.072796,Italian:0.790704,Tatar:0.623358,Indonesian:0.738467,Sindhi:0.927260,Persian:0.750848,Arabic:0.164653,Bosnian:0.052161,Welsh:0.063279,Catalan:0.286648,Portuguese:0.375890,Bulgarian:0.089659,Xhosa:0.090036,Breton:0.393297,Urdu:0.082567,Kirghiz:0.626647,Abkhazian:0.590464,Norwegian Nynorsk:0.307714,Interlingua (International Auxiliary Language Association):0.382680",Sukma,CG
NAGPURI,Not_supported,S,994,"Bhojpuri:58,Surgujia:35,Hindi:381,Panjabi:8,Bengali:36,Kurukh:106,Sadri:41,Nepali (individual language):41,Maithili:11,Chhattisgarhi:17,Dhatki:2,Lodhi:1,Sindhi:17,Odia:22,Kullu Pahari:1,Assamese:19,Bagheli:39,Marathi:23,Fiji Hindi:12,Bhili:4,Chitwania Tharu:5,Khumi Chin:1,Magahi:8,Gujarati:35,Wagdi:3,Rana Tharu:13,Northern Emberá:1,Guarani:1,Kupia:1,Hajong:1,Bhatri:1,Sirmauri:3,Manipuri:2,Dangaura Tharu:1,Oraon Sadri:3,Telugu:3,Mahasu Pahari:3,Awadhi:2,Ma'anyan:1,Urdu:2,Pushto:1,Mundari:1,Vietnamese:1,Kannada:3,Mru:1,Tetun Dili:1,Santali:5,Marwari (Pakistan):5,Moken:1,Gaddi:1,Halbi:2,Saraiki:1,Bundeli:1,Yongkom:1,Nimadi:2,Sundanese:1,Northern Gondi:1,Kurmukar:1","Bhojpuri:0.372641,Surgujia:0.284879,Hindi:0.702630,Panjabi:0.632072,Bengali:0.470301,Kurukh:0.799899,Sadri:0.272282,Nepali (individual language):0.577134,Maithili:0.206482,Chhattisgarhi:0.384066,Dhatki:0.099378,Lodhi:0.080745,Sindhi:0.366708,Odia:0.445415,Kullu Pahari:0.134827,Assamese:0.651908,Bagheli:0.210391,Marathi:0.653656,Fiji Hindi:0.294700,Bhili:0.083698,Chitwania Tharu:0.063851,Khumi Chin:0.177670,Magahi:0.319087,Gujarati:0.537307,Wagdi:0.060294,Rana Tharu:0.104187,Northern Emberá:0.028547,Guarani:0.065751,Kupia:0.087818,Hajong:0.282141,Bhatri:0.311182,Sirmauri:0.064603,Manipuri:0.131766,Dangaura Tharu:0.125534,Oraon Sadri:0.186633,Telugu:0.660021,Mahasu Pahari:0.116468,Awadhi:0.115970,Ma'anyan:0.182366,Urdu:0.412139,Pushto:0.910211,Mundari:0.103697,Vietnamese:0.076784,Kannada:0.593199,Mru:0.038532,Tetun Dili:0.126634,Santali:0.223480,Marwari (Pakistan):0.189468,Moken:0.115132,Gaddi:0.065194,Halbi:0.210510,Saraiki:0.013450,Bundeli:0.076470,Yongkom:0.066390,Nimadi:0.052453,Sundanese:0.657263,Northern Gondi:0.088059,Kurmukar:0.100980",Jashpur,Chhattisgarh
HARAUTI,Not_supported,S,124,"Hindi:111,Sinhala:1,Panjabi:4,Fiji Hindi:2,Urdu:3,Thai:1,Assamese:1,Marwari (Pakistan):1","Hindi:0.837968,Sinhala:0.168504,Panjabi:0.655515,Fiji Hindi:0.551353,Urdu:0.606819,Thai:0.446959,Assamese:0.269211,Marwari (Pakistan):0.129589",Churu,Rajasthan
BEARYBASHE,Not_supported,"M,S",1289,"Sinhala:38,Tamil:168,Kannada:211,Telugu:284,Malayalam:283,Mullu Kurumba:4,Hindi:172,Panjabi:7,Sindhi:14,Murrinh-Patha:2,Arabic:1,Irula:9,Bengali:5,Turkish:1,Esperanto:1,Aheri Gondi:5,Hausa:2,Malay (individual language):4,Dazaga:1,Czech:1,Norwegian Bokmål:1,Jennu Kurumba:5,Muthuvan:1,Urdu:12,Marathi:6,Estonian:1,Wolof:5,Nepali (individual language):3,Southwest Tanna:1,Koya:3,Javanese:3,Turkmen:1,Rohingya:1,Icelandic:4,Amharic:2,Haitian:1,Fulah:1,Dhivehi:2,Assamese:2,Somali:4,Uzbek:1,Portuguese:1,English:2,Betta Kurumba:1,French:1,Ravula:1,Pushto:2,Albanian:1,Khmer:1,Mongolian:1,Welsh:1,Modern Greek (1453-):1,Galician:1,Tulu:1,Mandjak:1","Sinhala:0.747321,Tamil:0.822771,Kannada:0.720132,Telugu:0.733334,Malayalam:0.751041,Mullu Kurumba:0.114341,Hindi:0.923258,Panjabi:0.513066,Sindhi:0.624089,Murrinh-Patha:0.036908,Arabic:0.624933,Irula:0.130880,Bengali:0.739862,Turkish:0.084933,Esperanto:0.266145,Aheri Gondi:0.170482,Hausa:0.624840,Malay (individual language):0.209981,Dazaga:0.096543,Czech:0.346601,Norwegian Bokmål:0.430135,Jennu Kurumba:0.089325,Muthuvan:0.131869,Urdu:0.737322,Marathi:0.545751,Estonian:0.997352,Wolof:0.204676,Nepali (individual language):0.740495,Southwest Tanna:0.030601,Koya:0.171018,Javanese:0.414134,Turkmen:0.230551,Rohingya:0.928970,Icelandic:0.414811,Amharic:0.481076,Haitian:0.022630,Fulah:0.194842,Dhivehi:0.106820,Assamese:0.361640,Somali:0.249051,Uzbek:0.032378,Portuguese:0.144146,English:0.171638,Betta Kurumba:0.142165,French:0.447317,Ravula:0.086481,Pushto:0.356827,Albanian:0.898492,Khmer:0.112835,Mongolian:0.484480,Welsh:0.108999,Modern Greek (1453-):0.276001,Galician:0.649212,Tulu:0.094826,Mandjak:0.119319","DakshinK,DakshinKannada,Bellary","Karnataka,KA"
RAJBANGSHI,Not_supported,S,104,"Bengali:91,Gujarati:3,Assamese:3,Odia:4,North Nuaulu:1,Hindi:1,Sylheti:1","Bengali:0.947658,Gujarati:0.936656,Assamese:0.908814,Odia:0.570688,North Nuaulu:0.027358,Hindi:0.584318,Sylheti:0.298082",Purulia,WestBengal
GONDI,Not_supported,M,507,"Sinhala:22,Kannada:71,Somali:5,Oromo:5,Maori:3,Aheri Gondi:96,Gunwinggu:6,Telugu:117,Wolof:22,Malayalam:3,Kabuverdianu:2,Norwegian Nynorsk:2,Mandara:1,Maria (India):5,Buginese:1,Murrinh-Patha:38,Byangsi:1,Sindhi:7,Tamil:8,Irula:2,Waata:1,Minangkabau:1,Marathi:3,Betta Kurumba:1,Kazakh:1,Albanian:2,Persian:1,Pushto:5,Wik-Mungkan:6,Suruí:2,Duruwa:6,Javanese:3,Dhivehi:1,Sundanese:2,Estonian:3,Kendayan:1,Aweer:5,Maay:2,Kupia:4,Panjabi:4,Uripiv-Wala-Rano-Atchin:1,Tatar:1,Nias:1,Cebuano:1,Uzbek:2,Norwegian Bokmål:2,Kandawo:1,Northern Gondi:2,Puroik:1,Yiddish:1,Assamese:1,Bengali:4,Sankaran Maninka:1,Hindi:1,Urdu:1,Nepali (individual language):1,Tanudan Kalinga:1,Gogodala:2,Manipuri:2,Mainstream Kenyah:1,Gujarati:1,Esperanto:1,Dhuwaya:1,Pamplona Atta:1,Welsh:1,Nunggubuyu:1,Fulah:1,Ho:1","Sinhala:0.413829,Kannada:0.723921,Somali:0.401455,Oromo:0.287601,Maori:0.065412,Aheri Gondi:0.376982,Gunwinggu:0.127266,Telugu:0.609334,Wolof:0.096289,Malayalam:0.174329,Kabuverdianu:0.052917,Norwegian Nynorsk:0.341739,Mandara:0.032801,Maria (India):0.166504,Buginese:0.061163,Murrinh-Patha:0.095607,Byangsi:0.025717,Sindhi:0.229016,Tamil:0.486042,Irula:0.069537,Waata:0.062583,Minangkabau:0.110477,Marathi:0.275285,Betta Kurumba:0.030514,Kazakh:0.434696,Albanian:0.875458,Persian:0.056299,Pushto:0.473254,Wik-Mungkan:0.293036,Suruí:0.030780,Duruwa:0.165080,Javanese:0.227306,Dhivehi:0.157746,Sundanese:0.161276,Estonian:0.204685,Kendayan:0.008768,Aweer:0.052478,Maay:0.055460,Kupia:0.152877,Panjabi:0.469443,Uripiv-Wala-Rano-Atchin:0.411125,Tatar:0.032341,Nias:0.033821,Cebuano:0.449620,Uzbek:0.306256,Norwegian Bokmål:0.185130,Kandawo:0.602614,Northern Gondi:0.174346,Puroik:0.031903,Yiddish:0.022627,Assamese:0.985153,Bengali:0.606213,Sankaran Maninka:0.025307,Hindi:0.117123,Urdu:0.055780,Nepali (individual language):0.131480,Tanudan Kalinga:0.022300,Gogodala:0.131491,Manipuri:0.032553,Mainstream Kenyah:0.611593,Gujarati:0.427641,Esperanto:0.969629,Dhuwaya:0.231957,Pamplona Atta:0.016278,Welsh:0.128985,Nunggubuyu:0.030966,Fulah:0.105963,Ho:0.104776","Sukma,Bastar",CG
KURUMALI,Not_supported,S,451,"Hindi:162,Marathi:179,Urdu:15,Bhatri:9,Nepali (individual language):11,Kanjari:2,Bengali:5,Assamese:16,Kurukh:4,Hajong:5,Bhili:6,Gujarati:4,Panjabi:3,Mawchi:1,Kinnauri:1,Burmese:1,Adivasi Oriya:1,Surgujia:2,Kurmukar:1,Norwegian Nynorsk:1,Odia:3,Varhadi-Nagpuri:1,Wagdi:2,Korku:2,Sirmauri:1,Sadri:1,Thai:1,Northern Gondi:3,Halbi:1,Bagheli:1,Goan Konkani:2,Mahasu Pahari:1,Kannada:1,Bundeli:1,Nahali:1","Hindi:0.920062,Marathi:0.926571,Urdu:0.742567,Bhatri:0.061255,Nepali (individual language):0.654522,Kanjari:0.018281,Bengali:0.071438,Assamese:0.728560,Kurukh:0.103536,Hajong:0.178996,Bhili:0.062869,Gujarati:0.620949,Panjabi:0.434554,Mawchi:0.026568,Kinnauri:0.022760,Burmese:0.438201,Adivasi Oriya:0.018788,Surgujia:0.020141,Kurmukar:0.028987,Norwegian Nynorsk:0.318393,Odia:0.344758,Varhadi-Nagpuri:0.084584,Wagdi:0.028054,Korku:0.048521,Sirmauri:0.027158,Sadri:0.118983,Thai:0.295522,Northern Gondi:0.047910,Halbi:0.020358,Bagheli:0.046385,Goan Konkani:0.046532,Mahasu Pahari:0.025729,Kannada:0.119403,Bundeli:0.151502,Nahali:0.016852","Muzaffarpur,Sahebganj","Bihar,Jharkhand"
BANTAR,Not_supported,S,247,"Marathi:244,Panjabi:1,Sindhi:1,Nepali (individual language):1","Marathi:0.992239,Panjabi:0.244712,Sindhi:0.657018,Nepali (individual language):0.996565",Sitamarhi,Bihar
JAIPURI,Not_supported,S,836,"Hindi:622,Panjabi:65,Urdu:69,Sinhala:2,Marathi:11,Gujarati:8,Sindhi:5,Gaddi:1,Kannada:11,Korean:2,Mahasu Pahari:1,Nepali (individual language):3,Western Panjabi:2,Pushto:4,Fiji Hindi:2,Southern Balochi:4,Kashmiri:2,Assamese:1,Sanskrit:2,Bengali:2,Telugu:7,Pahari-Potwari:1,Macedonian:1,Turkmen:1,Dogri (individual language):3,Chhattisgarhi:2,Malayalam:1,Kumaoni:1","Hindi:0.893090,Panjabi:0.748925,Urdu:0.666375,Sinhala:0.604109,Marathi:0.691918,Gujarati:0.721123,Sindhi:0.764408,Gaddi:0.445986,Kannada:0.662126,Korean:0.748022,Mahasu Pahari:0.071188,Nepali (individual language):0.672661,Western Panjabi:0.105285,Pushto:0.679863,Fiji Hindi:0.310270,Southern Balochi:0.167391,Kashmiri:0.105204,Assamese:0.969569,Sanskrit:0.397380,Bengali:0.300354,Telugu:0.557307,Pahari-Potwari:0.031318,Macedonian:0.110683,Turkmen:0.331743,Dogri (individual language):0.096210,Chhattisgarhi:0.651249,Malayalam:0.389670,Kumaoni:0.098825","Nagaur,Churu",Rajasthan
MALVANI,Not_supported,"M,S",6812,"Border Kuna:1,Marathi:4641,Assamese:120,Pushto:73,Nepali (individual language):117,Kannada:126,Goan Konkani:51,Hindi:285,Telugu:225,Mahasu Pahari:24,Bengali:85,Sanskrit:29,Modern Greek (1453-):1,Malayalam:27,Sinhala:55,Marwari (Pakistan):1,Malagasy:7,Oromo:21,Panjabi:48,Indonesian:17,Bhili:20,Uzbek:5,Varhadi-Nagpuri:32,Rathwi Bareli:6,Urdu:34,Uripiv-Wala-Rano-Atchin:10,Gujarati:118,Naga Pidgin:6,Bashkir:1,Tibetan:5,Kamba (Kenya):2,Murrinh-Patha:24,Turkmen:8,Wik-Mungkan:12,Plains Cree:1,Nyankole:2,Somali:9,Esperanto:3,Mongolian:3,Tuma-Irumu:1,Waray (Philippines):1,Gaddi:4,Swahili (individual language):2,Amharic:17,Kashmiri:24,Tagalog:3,Wolof:15,Kullu Pahari:5,Hausa:12,Turkish:3,Daur:5,Fulah:5,Sundanese:11,Javanese:28,Kayapó:1,Paicî:2,Persian:7,Kalasha:6,Gurung:9,Ngindo:1,Ganda:3,Malay (individual language):18,Odia:24,Burmese:2,Faroese:2,Lithuanian:2,Southern Balochi:1,Sindhi:40,Mai Brat:1,Bukit Malay:2,Bhattiyali:3,Occitan (post 1500):11,Tawallammat Tamajaq:1,Ukrainian:1,Palenquero:1,Sylheti:3,Mandjak:2,Haitian:17,Kirghiz:3,Tamil:9,Maori:5,Byangsi:3,Southwest Tanna:6,Danish:2,Macedonian:1,Kupia:2,Pedi:2,Asue Awyu:4,Korean:11,Fiji Hindi:2,Hajong:3,Shona:4,Armenian:1,Jamamadí:1,Sissala:1,Catalan:4,Shekhawati:1,Portuguese:5,Garo:1,Northern Gondi:2,Lowland Tarahumara:2,Northern Paiute:4,Japanese:1,Wambule:4,Kurukh:7,Dhimal:2,Norwegian Nynorsk:4,Nahali:1,Bakhtiari:1,Mandeali:3,Lingala:2,Amis:1,Northern Emberá:1,Georgian:1,Kok Borok:4,Slovenian:6,Aweer:2,Romanian:5,Tangchangya:6,Yoruba:3,Norwegian Bokmål:1,French:2,Arabic:2,Mitla Zapotec:1,Maltese:2,Khasi:1,Iu Mien:1,Santali:2,Tshangla:2,Lao:3,Vietnamese:1,Southern Ghale:1,Sunam:3,Yagua:1,Yocoboué Dida:1,Rao:3,Northern Pumi:1,San Blas Kuna:1,Hlai:2,Balti:2,Northwestern Kolami:2,Kinyarwanda:2,Tangoa:1,San Juan Atzingo Popoloca:1,Chhattisgarhi:2,Lenakel:1,Merlav:1,Albanian:3,Kabuverdianu:2,Churahi:1,Chakma:1,Hebrew:2,Wayuu:1,Tatar:2,Aheri Gondi:5,Garhwali:2,Adi:1,Vaagri Booli:1,Estonian:2,Czech:2,Bhilali:1,Bench:1,Italian:5,Slovak:1,Kui (India):1,Nunggubuyu:2,Ladakhi:1,East Limba:1,Manga Kanuri:1,Juquila Mixe:1,Waiwai:1,Piratapuyo:1,Sirmauri:2,Chittagonian:1,Rundi:2,Spanish:1,Cebuano:1,Wantoat:1,Alyawarr:1,El Nayar Cora:1,Luo (Kenya and Tanzania):1,Southeast Ambrym:1,Southern Nambikuára:1,Minangkabau:1,Sabaot:2,Koalib:1,Hawaiian:2,Mainstream Kenyah:1,Newari:1,Iyo:1,Garifuna:1,Latin:1,Tzotzil:1,Toba:1,Western Arrarnta:1,Nias:1,Krio:1,Malayic Dayak:1,Tetun Dili:1,Ngombe (Democratic Republic of Congo):1,Galician:1,Mawchi:2,Beami:1,Mundari:1,Limbu:1,Chru:1,Dangaura Tharu:1,Sadri:1,Yaosakor Asmat:1,Nimadi:1","Border Kuna:0.021241,Marathi:0.874690,Assamese:0.684156,Pushto:0.530312,Nepali (individual language):0.535730,Kannada:0.591812,Goan Konkani:0.143858,Hindi:0.802188,Telugu:0.581505,Mahasu Pahari:0.267133,Bengali:0.544394,Sanskrit:0.376454,Modern Greek (1453-):0.876545,Malayalam:0.643934,Sinhala:0.493710,Marwari (Pakistan):0.115215,Malagasy:0.485222,Oromo:0.290651,Panjabi:0.428688,Indonesian:0.348667,Bhili:0.116932,Uzbek:0.407627,Varhadi-Nagpuri:0.128604,Rathwi Bareli:0.066902,Urdu:0.488309,Uripiv-Wala-Rano-Atchin:0.145552,Gujarati:0.576654,Naga Pidgin:0.049922,Bashkir:0.501910,Tibetan:0.206874,Kamba (Kenya):0.190001,Murrinh-Patha:0.075718,Turkmen:0.301636,Wik-Mungkan:0.083031,Plains Cree:0.073114,Nyankole:0.025211,Somali:0.392468,Esperanto:0.621942,Mongolian:0.389043,Tuma-Irumu:0.360988,Waray (Philippines):0.133289,Gaddi:0.094631,Swahili (individual language):0.131819,Amharic:0.336918,Kashmiri:0.141015,Tagalog:0.333707,Wolof:0.215120,Kullu Pahari:0.107623,Hausa:0.397303,Turkish:0.173770,Daur:0.044518,Fulah:0.062308,Sundanese:0.456952,Javanese:0.242360,Kayapó:0.204216,Paicî:0.053622,Persian:0.251882,Kalasha:0.130385,Gurung:0.121652,Ngindo:0.055873,Ganda:0.035457,Malay (individual language):0.376983,Odia:0.400021,Burmese:0.198453,Faroese:0.075466,Lithuanian:0.796479,Southern Balochi:0.021421,Sindhi:0.587736,Mai Brat:0.085209,Bukit Malay:0.084368,Bhattiyali:0.069728,Occitan (post 1500):0.510855,Tawallammat Tamajaq:0.102964,Ukrainian:0.129035,Palenquero:0.041981,Sylheti:0.370557,Mandjak:0.051825,Haitian:0.436832,Kirghiz:0.303820,Tamil:0.827070,Maori:0.066478,Byangsi:0.031028,Southwest Tanna:0.043670,Danish:0.024378,Macedonian:0.090040,Kupia:0.091488,Pedi:0.104584,Asue Awyu:0.039796,Korean:0.415702,Fiji Hindi:0.175000,Hajong:0.105878,Shona:0.141889,Armenian:0.273609,Jamamadí:0.017946,Sissala:0.024892,Catalan:0.126156,Shekhawati:0.016114,Portuguese:0.238291,Garo:0.092509,Northern Gondi:0.137567,Lowland Tarahumara:0.030357,Northern Paiute:0.039234,Japanese:0.578801,Wambule:0.058132,Kurukh:0.097123,Dhimal:0.195865,Norwegian Nynorsk:0.118765,Nahali:0.060274,Bakhtiari:0.010056,Mandeali:0.172363,Lingala:0.501157,Amis:0.041574,Northern Emberá:0.048798,Georgian:0.257170,Kok Borok:0.109629,Slovenian:0.318883,Aweer:0.031276,Romanian:0.415545,Tangchangya:0.150771,Yoruba:0.495084,Norwegian Bokmål:0.507688,French:0.356961,Arabic:0.253079,Mitla Zapotec:0.024733,Maltese:0.676696,Khasi:0.063955,Iu Mien:0.217834,Santali:0.024091,Tshangla:0.036866,Lao:0.628104,Vietnamese:0.419868,Southern Ghale:0.030073,Sunam:0.027817,Yagua:0.045655,Yocoboué Dida:0.012659,Rao:0.212632,Northern Pumi:0.106604,San Blas Kuna:0.087199,Hlai:0.044265,Balti:0.089966,Northwestern Kolami:0.132626,Kinyarwanda:0.459708,Tangoa:0.027413,San Juan Atzingo Popoloca:0.029936,Chhattisgarhi:0.291294,Lenakel:0.038845,Merlav:0.098484,Albanian:0.294836,Kabuverdianu:0.141236,Churahi:0.108707,Chakma:0.025006,Hebrew:0.073286,Wayuu:0.116986,Tatar:0.437389,Aheri Gondi:0.089350,Garhwali:0.081948,Adi:0.101644,Vaagri Booli:0.073275,Estonian:0.578627,Czech:0.438065,Bhilali:0.050399,Bench:0.130261,Italian:0.672502,Slovak:0.706171,Kui (India):0.038058,Nunggubuyu:0.084506,Ladakhi:0.012644,East Limba:0.014070,Manga Kanuri:0.288324,Juquila Mixe:0.036097,Waiwai:0.059286,Piratapuyo:0.022372,Sirmauri:0.162598,Chittagonian:0.639660,Rundi:0.290809,Spanish:0.019632,Cebuano:0.617840,Wantoat:0.014751,Alyawarr:0.154915,El Nayar Cora:0.099009,Luo (Kenya and Tanzania):0.159627,Southeast Ambrym:0.065233,Southern Nambikuára:0.255676,Minangkabau:0.055964,Sabaot:0.423982,Koalib:0.122810,Hawaiian:0.380946,Mainstream Kenyah:0.020030,Newari:0.083903,Iyo:0.368318,Garifuna:0.095276,Latin:0.066830,Tzotzil:0.058159,Toba:0.048533,Western Arrarnta:0.039000,Nias:0.064078,Krio:0.020494,Malayic Dayak:0.076645,Tetun Dili:0.035723,Ngombe (Democratic Republic of Congo):0.016190,Galician:0.139291,Mawchi:0.032721,Beami:0.012522,Mundari:0.026613,Limbu:0.062042,Chru:0.015151,Dangaura Tharu:0.189336,Sadri:0.028307,Yaosakor Asmat:0.101437,Nimadi:0.020328","Solapur,Sindhudu,Sindhudurga,Chandrapur,Nagpur","MH,Maharashtra"
KONKANI,Not_supported,"M,S",30539,"Marathi:21171,Sindhi:352,Romanian:33,Esperanto:45,Hindi:729,Panjabi:412,Assamese:459,Telugu:913,Mandeali:63,Nepali (individual language):863,Wolof:37,Malayalam:149,Bengali:448,Gujarati:870,Lao:13,Goan Konkani:348,Kalasha:190,Tibetan:58,Amharic:55,Sanskrit:53,Yoruba:14,Javanese:60,Southern Balochi:16,Odia:39,Yagua:1,Kashmiri:92,Kannada:418,Pushto:416,Waray (Philippines):31,Danish:3,Haitian:50,Tagalog:113,Byangsi:13,Falam Chin:3,Korean:55,Catalan:22,Persian:26,Oromo:29,Estonian:3,Burmese:28,Urdu:168,Sinhala:209,Varhadi-Nagpuri:88,Turkmen:24,Italian:18,Indonesian:28,Sundanese:13,Tangko:6,Thangmi:17,Mahasu Pahari:68,Naga Pidgin:47,Norwegian Nynorsk:22,Latin:25,Occitan (post 1500):26,Breton:10,Malagasy:12,Vietnamese:6,Gurung:31,Kok Borok:16,Aweer:3,Bhili:20,Jangshung:7,Malay (individual language):130,Kabuverdianu:15,Kullu Pahari:19,Portuguese:15,Ghera:6,Pedi:6,Maltese:16,Hawaiian:11,Pangwali:20,Fiji Hindi:11,Bhilali:5,Tamil:13,Manipuri:5,Thai:9,Hinduri:6,Shona:4,Turkish:28,Somali:14,Uzbek:15,Welsh:15,Sylheti:10,Sora:2,Pattani Malay:1,Tajik:7,Mongolian:7,Kwamera:2,Eastern Tamang:12,Uripiv-Wala-Rano-Atchin:1,Cebuano:8,Hausa:29,Aheri Gondi:12,Saraiki:8,Slovenian:13,Luo (Kenya and Tanzania):4,Bassari:2,Bukit Malay:2,Tshangla:1,Wersing:1,Kandawo:1,Croatian:4,Dhanwar (Nepal):1,Kinnauri:13,Albanian:16,Spanish:6,Sunwar:1,Murrinh-Patha:20,Abkhazian:2,Daur:2,Tewa (USA):1,Faroese:5,Lithuanian:8,Tatar:4,Ayoreo:3,Kurukh:10,Macedonian:6,Puroik:4,Suruí:3,Southern Kisi:1,Irish:1,Caribbean Hindustani:1,Slovak:2,Mandarin Chinese:6,Papiamento:1,Haryanvi:2,Kupia:2,Wambule:5,Balti:17,Lingala:8,Modern Greek (1453-):1,San Martín Itunyoso Triqui:2,Varli:9,Mwani:1,Gogodala:2,Sartang:1,Interlingua (International Auxiliary Language Association):3,Musgu:1,Czech:4,Tippera:1,Gaddi:1,Sirmauri:7,Balanta-Kentohe:1,Georgian:4,Nimadi:1,Limbu:2,Kadiwéu:1,Garhwali:8,Bhoti Kinnauri:1,Kui (India):4,Northwestern Kolami:7,Jamamadí:1,Southern Ghale:5,French:5,Manga Kanuri:1,Western Bru:1,Andh:1,Azerbaijani:5,Tsakhur:2,Hebrew:7,Wik-Mungkan:7,Hajong:9,Tangchangya:2,Northern Paiute:3,Northern Hindko:2,Lugbara:1,Norwegian Bokmål:16,Rathwi Bareli:3,Dzongkha:1,Galela:3,Bulgarian:2,Santali:11,East Limba:3,Garo:4,Huehuetla Tepehua:1,Dhimal:9,Rabha:2,Hmong Daw:1,Jola-Fonyi:1,Paicî:1,Kazakh:1,Armenian:6,Mawchi:3,Southern Sotho:1,Sango:1,Newari:3,Bosnian:4,Swahili (individual language):2,Fulah:1,Latvian:1,Lundayeh:2,Hani:1,Hlai:2,Nyishi:6,Galician:2,Bhatri:5,Timugon Murut:1,Yiddish:2,Jadgali:1,Kayabí:1,Yucuna:1,Thado Chin:1,Japanese:6,Dhivehi:1,Northern Gondi:2,Moken:1,Arabic:6,Maori:9,Wandala:1,Iu Mien:1,Iyo:3,Southwest Tanna:2,Western Parbate Kham:4,Wolani:1,Mru:3,Pattani:3,Lambayeque Quechua:1,English:3,Dazaga:2,Bagri:1,Dutch:1,Icelandic:1,Awngi:1,Korowai:1,Tinani:1,Kanashi:1,Tarao Naga:1,Central Bikol:1,Tagin:1,Hungarian:2,Dangaura Tharu:1,Bodo (India):1,Central Kurdish:1,Busang Kayan:1,Yatzachi Zapotec:1,Pamplona Atta:1,Tase Naga:2,Garifuna:1,Swedish:1,Tobanga:1,Northeast Kiwai:1,Basque:3,Bashkir:1,Nunggubuyu:2,Chortí:1,Khowar:3,Kei:1,Mainstream Kenyah:1,Waata:1,Didinga:1,Boko (Benin):1,Irula:1,Okiek:1,Afrikaans:1,Wagdi:1,Eastern Maroon Creole:3,Sabaot:1,Malayo:1,Dogrib:1,Uduk:1,Thulung:1,Ngaanyatjarra:1,Rohingya:1,Kumaoni:2,Chak:1,Dogri (individual language):1,Rendille:1,Achang:1,Hmong Njua:1,Lü:1,Mopán Maya:1,Isirawa:1,Ganda:1,Sidamo:1,Amdo Tibetan:1,Sonha:1,Saho:1,Gambian Wolof:1,Bidyogo:1,Khasi:1,Martu Wangka:1","Marathi:0.897571,Sindhi:0.569339,Romanian:0.470239,Esperanto:0.559334,Hindi:0.612002,Panjabi:0.606985,Assamese:0.693837,Telugu:0.601675,Mandeali:0.277429,Nepali (individual language):0.643849,Wolof:0.160774,Malayalam:0.611195,Bengali:0.630157,Gujarati:0.633810,Lao:0.349616,Goan Konkani:0.185217,Kalasha:0.212742,Tibetan:0.508568,Amharic:0.478919,Sanskrit:0.323025,Yoruba:0.386147,Javanese:0.277476,Southern Balochi:0.255796,Odia:0.534194,Yagua:0.053309,Kashmiri:0.143439,Kannada:0.574304,Pushto:0.589369,Waray (Philippines):0.310511,Danish:0.692582,Haitian:0.408196,Tagalog:0.540805,Byangsi:0.098951,Falam Chin:0.218062,Korean:0.520891,Catalan:0.359032,Persian:0.373451,Oromo:0.256105,Estonian:0.576067,Burmese:0.400424,Urdu:0.476586,Sinhala:0.493810,Varhadi-Nagpuri:0.154361,Turkmen:0.366699,Italian:0.585508,Indonesian:0.492531,Sundanese:0.427380,Tangko:0.035052,Thangmi:0.142987,Mahasu Pahari:0.216771,Naga Pidgin:0.174612,Norwegian Nynorsk:0.242655,Latin:0.529723,Occitan (post 1500):0.356392,Breton:0.209521,Malagasy:0.319515,Vietnamese:0.455392,Gurung:0.191474,Kok Borok:0.110388,Aweer:0.124362,Bhili:0.119218,Jangshung:0.041816,Malay (individual language):0.491978,Kabuverdianu:0.492715,Kullu Pahari:0.166334,Portuguese:0.333750,Ghera:0.082263,Pedi:0.114391,Maltese:0.593535,Hawaiian:0.325674,Pangwali:0.132466,Fiji Hindi:0.256102,Bhilali:0.083479,Tamil:0.592422,Manipuri:0.088748,Thai:0.340531,Hinduri:0.097968,Shona:0.316406,Turkish:0.305976,Somali:0.180344,Uzbek:0.446031,Welsh:0.361612,Sylheti:0.387234,Sora:0.128689,Pattani Malay:0.015059,Tajik:0.367198,Mongolian:0.393410,Kwamera:0.029206,Eastern Tamang:0.217928,Uripiv-Wala-Rano-Atchin:0.760783,Cebuano:0.546384,Hausa:0.590250,Aheri Gondi:0.176994,Saraiki:0.132584,Slovenian:0.313425,Luo (Kenya and Tanzania):0.134702,Bassari:0.051054,Bukit Malay:0.383804,Tshangla:0.035277,Wersing:0.019787,Kandawo:0.007680,Croatian:0.215681,Dhanwar (Nepal):0.060648,Kinnauri:0.040381,Albanian:0.270956,Spanish:0.428144,Sunwar:0.031692,Murrinh-Patha:0.057941,Abkhazian:0.748684,Daur:0.044205,Tewa (USA):0.048200,Faroese:0.563842,Lithuanian:0.815737,Tatar:0.676978,Ayoreo:0.053764,Kurukh:0.127328,Macedonian:0.431976,Puroik:0.045183,Suruí:0.128234,Southern Kisi:0.028051,Irish:0.086350,Caribbean Hindustani:0.178684,Slovak:0.142552,Mandarin Chinese:0.380131,Papiamento:0.364551,Haryanvi:0.126537,Kupia:0.034540,Wambule:0.123713,Balti:0.090725,Lingala:0.394357,Modern Greek (1453-):0.179691,San Martín Itunyoso Triqui:0.107256,Varli:0.101391,Mwani:0.025611,Gogodala:0.164701,Sartang:0.021169,Interlingua (International Auxiliary Language Association):0.189036,Musgu:0.050683,Czech:0.324998,Tippera:0.192903,Gaddi:0.014442,Sirmauri:0.223293,Balanta-Kentohe:0.025452,Georgian:0.784922,Nimadi:0.078545,Limbu:0.057179,Kadiwéu:0.019247,Garhwali:0.086172,Bhoti Kinnauri:0.019858,Kui (India):0.131265,Northwestern Kolami:0.158114,Jamamadí:0.835989,Southern Ghale:0.075937,French:0.531744,Manga Kanuri:0.016246,Western Bru:0.080295,Andh:0.020558,Azerbaijani:0.273092,Tsakhur:0.026872,Hebrew:0.448186,Wik-Mungkan:0.115682,Hajong:0.220921,Tangchangya:0.291967,Northern Paiute:0.034189,Northern Hindko:0.232804,Lugbara:0.023861,Norwegian Bokmål:0.426491,Rathwi Bareli:0.123751,Dzongkha:0.042265,Galela:0.027031,Bulgarian:0.612214,Santali:0.142724,East Limba:0.269810,Garo:0.180819,Huehuetla Tepehua:0.027234,Dhimal:0.114598,Rabha:0.021055,Hmong Daw:0.189353,Jola-Fonyi:0.089079,Paicî:0.028955,Kazakh:0.258401,Armenian:0.475585,Mawchi:0.054823,Southern Sotho:0.050857,Sango:0.026230,Newari:0.150990,Bosnian:0.096285,Swahili (individual language):0.312238,Fulah:0.043409,Latvian:0.094309,Lundayeh:0.205384,Hani:0.339250,Hlai:0.049525,Nyishi:0.078985,Galician:0.053749,Bhatri:0.131951,Timugon Murut:0.016434,Yiddish:0.215516,Jadgali:0.020882,Kayabí:0.177231,Yucuna:0.042766,Thado Chin:0.146215,Japanese:0.261440,Dhivehi:0.050076,Northern Gondi:0.160765,Moken:0.171736,Arabic:0.295627,Maori:0.216945,Wandala:0.082679,Iu Mien:0.432083,Iyo:0.025398,Southwest Tanna:0.038213,Western Parbate Kham:0.128369,Wolani:0.016180,Mru:0.166449,Pattani:0.027598,Lambayeque Quechua:0.016497,English:0.108279,Dazaga:0.098590,Bagri:0.035996,Dutch:0.981268,Icelandic:0.169991,Awngi:0.177904,Korowai:0.024715,Tinani:0.030087,Kanashi:0.010973,Tarao Naga:0.092524,Central Bikol:0.033244,Tagin:0.052231,Hungarian:0.523969,Dangaura Tharu:0.076423,Bodo (India):0.027869,Central Kurdish:0.533300,Busang Kayan:0.049158,Yatzachi Zapotec:0.025150,Pamplona Atta:0.085660,Tase Naga:0.011845,Garifuna:0.181370,Swedish:0.013805,Tobanga:0.012508,Northeast Kiwai:0.012588,Basque:0.695022,Bashkir:0.182694,Nunggubuyu:0.060532,Chortí:0.034224,Khowar:0.105384,Kei:0.021839,Mainstream Kenyah:0.195733,Waata:0.102554,Didinga:0.038367,Boko (Benin):0.028770,Irula:0.083236,Okiek:0.230257,Afrikaans:0.839530,Wagdi:0.109588,Eastern Maroon Creole:0.082650,Sabaot:0.020704,Malayo:0.150899,Dogrib:0.213040,Uduk:0.231710,Thulung:0.030288,Ngaanyatjarra:0.023233,Rohingya:0.221067,Kumaoni:0.164951,Chak:0.058473,Dogri (individual language):0.208857,Rendille:0.031936,Achang:0.023557,Hmong Njua:0.033636,Lü:0.037582,Mopán Maya:0.010988,Isirawa:0.022677,Ganda:0.044493,Sidamo:0.410420,Amdo Tibetan:0.044671,Sonha:0.081428,Saho:0.028313,Gambian Wolof:0.035316,Bidyogo:0.034695,Khasi:0.032831,Martu Wangka:0.034095","NoSoGoa,NorthSouthGoa,Lakhisarai","Bihar,GA,Goa"
RAJASTHANI,Not_supported,M,50301,"Hindi:9294,Urdu:5005,Telugu:1414,Marathi:1052,Panjabi:8908,Sindhi:5120,Wolof:105,Pushto:1405,Gujarati:2672,Malayalam:478,Hausa:94,Dogri (individual language):36,Irula:18,Kannada:1426,Tamil:777,Nepali (individual language):824,Northern Hindko:432,Malay (individual language):65,Saraiki:548,Assamese:597,Welsh:43,Mahasu Pahari:128,Breton:25,Wik-Mungkan:88,Somali:148,Sinhala:1064,Marwari (Pakistan):299,Fiji Hindi:78,Pangwali:714,Ghera:19,Sansi:28,Mandeali:42,Churahi:230,Aheri Gondi:37,Kullu Pahari:291,Gaddi:576,Norwegian Nynorsk:153,Maori:110,Bengali:660,Kacipo-Bale Suri:1,Burmese:89,Javanese:168,Ukrainian:11,Fulah:42,Indonesian:13,Western Panjabi:47,Odia:37,Mongolian:72,Tibetan:168,Kazakh:44,Dhatki:89,Latin:85,Khams Tibetan:5,Nyungar:4,Goan Konkani:7,Murrinh-Patha:84,Kangri:112,Afrikaans:8,Gogodala:15,Shona:45,Paicî:19,Manipuri:23,Nimadi:77,Southern Balochi:222,Kupia:26,Haryanvi:145,Pahari-Potwari:94,Alyawarr:8,Kashmiri:298,Romanian:36,Malagasy:29,Kija:5,Tawallammat Tamajaq:31,Beami:2,El Nayar Cora:2,Macedonian:20,Kurukh:66,Japanese:26,Tok Pisin:3,Dhivehi:25,Papuan Malay:1,Esperanto:22,Sirmauri:45,Baelelea:1,Rao:9,Suruí:24,Amharic:80,Duruwa:12,Bench:1,Northern Kurdish:1,Sundanese:42,Western Arrarnta:8,Bulgarian:18,Gujari:53,Selaru:1,Norwegian Bokmål:68,Varhadi-Nagpuri:5,Slovenian:73,German:3,Italian:25,Kalasha:43,Turkmen:136,English:46,Gowlan:21,Ayoreo:6,Lao:22,Southern Ghale:6,Tagalog:7,Aweer:27,Vietnamese:13,Interlingua (International Auxiliary Language Association):16,Mundari:16,Central Kurdish:3,Saho:4,Tajik:10,Hajong:6,Kinyarwanda:18,Central Awyu:1,Kachi Koli:17,Naga Pidgin:12,Hawaiian:20,Albanian:28,Garhwali:23,Girawa:9,Kamba (Kenya):7,Waray (Philippines):19,Lithuanian:21,Oromo:68,Southwest Tanna:9,Brahui:7,Asue Awyu:6,Bashkir:11,Arabic:19,Wagdi:41,Malvi:27,Dyula:1,Croatian:15,Allar:8,Belarusian:9,Latvian:5,Lodhi:1,Macuna:2,Bundeli:11,Boko (Benin):5,Swahili (individual language):23,Bhattiyali:66,Bhili:65,Jangshung:6,Sanskrit:80,Tem:5,Bahnar:4,Tinani:52,Galician:3,Occitan (post 1500):15,Baoulé:3,Tatar:54,Spanish:4,Central Mazahua:1,Aekyom:3,Byangsi:19,Anindilyakwa:2,Uzbek:30,Azerbaijani:15,Korean:37,Ganda:22,Faroese:55,Santali:10,Kabuverdianu:16,Ngombe (Democratic Republic of Congo):2,Vaagri Booli:7,Persian:17,Zande (individual language):9,Waata:3,Portuguese:24,Kathoriya Tharu:9,Yoruba:57,Pedi:8,Haitian:29,Turkish:36,Swedish:10,Slovak:13,Bagri:33,Pattani:1,Thangmi:3,Igbo:3,Chhattisgarhi:18,Bosnian:19,Kadiwéu:1,Mochi:2,Hungarian:7,Zarma:1,Maay:1,Hani:7,Kayabí:1,Icelandic:28,Manx:2,Hinduri:13,Gunwinggu:7,Mullu Kurumba:1,Kumaoni:4,Ambulas:1,Hakha Chin:2,Garo:1,Guarani:17,Daur:12,Nyishi:4,Yiddish:10,Lowland Tarahumara:7,Yagua:15,Armenian:24,Khmer:11,San Marcos Tlacoyalco Popoloca:2,Mainstream Kenyah:3,Lingala:4,Dazaga:37,Langi:1,Northern Paiute:12,Thulung:4,Dendi (Benin):2,Korwa:1,Thai:8,Modern Greek (1453-):3,Ahanta:2,Samburu:2,Dogrib:1,Danish:5,Western Parbate Kham:4,Attié:1,Abkhazian:4,Walmajarri:3,Hlai:3,Basque:6,Ramoaaina:2,Korku:2,Dhangu-Djangu:2,Mandarin Chinese:7,Betta Kurumba:3,Phu Thai:1,Piratapuyo:1,Sadri:7,Yakut:5,Toda:1,Yocoboué Dida:3,Estonian:9,Hebrew:11,Maltese:3,Ruching Palaung:2,Nyankole:1,Northwestern Ojibwa:1,Marwari (India):5,Tobanga:3,Mangarrayi:2,Aloápam Zapotec:1,Sabaot:9,Gurung:8,Gonja:5,Central Kanuri:2,Shekhawati:1,San Martín Itunyoso Triqui:1,Chakma:2,Uma' Lasan:1,Amdo Tibetan:2,Puroik:4,Tawang Monpa:3,Borôro:4,Dhimal:1,Toba-Maskoy:1,Dogosé:1,Luo (Kenya and Tanzania):13,Apali:3,Mandjak:7,Sentani:2,Kimré:3,Georgian:5,Kyanga:1,Waiwai:2,Tedim Chin:2,Iu Mien:13,Russian:6,Copala Triqui:3,Dangaura Tharu:1,Scots:3,Manga Kanuri:9,Kei:2,Malayo:1,Chicahuaxtla Triqui:7,Achang:5,Catalan:14,Salar:2,Crow:4,Tase Naga:3,Guajá:1,Northern Emberá:6,Kannada Kurumba:2,Bagheli:3,Uripiv-Wala-Rano-Atchin:6,Nyanja:4,Benga:1,Xhosa:4,Jola-Kasa:1,Polish:6,Budeh Stieng:1,Korowai:2,Jamamadí:4,Maithili:4,Jennu Kurumba:1,Eastern Tamang:4,Czech:8,Bokyi:1,Misima-Panaeati:1,Ho:1,Chiquitano:1,Plains Cree:1,Lepcha:2,Newari:1,Rakhine:1,Tarifit:1,Irish:6,Mahou:2,Susu:1,Gumuz:3,Maskelynes:1,Tereno:1,Surgujia:5,Upper Guinea Crioulo:1,San Blas Kuna:1,Kupsabiny:1,Rana Tharu:2,Finnish:2,Iraqw:2,Dzongkha:3,Vlax Romani:1,Takia:1,Akawaio:1,Bodo (India):2,Arbore:2,Xavánte:2,Seri:1,Nopala Chatino:1,Yongkom:5,East Limba:1,Tagin:7,Nambo:1,Balti:2,Dawawa:1,Chukot:2,Northern Gondi:3,Bola:1,Kirghiz:3,Limbu:2,Wakhi:2,Me'en:1,Khaling:1,Kuman (Papua New Guinea):1,Kayapó:2,Iyo:3,Toaripi:1,Digaro-Mishmi:1,Herero:1,Tonga (Tonga Islands):1,Caribbean Hindustani:3,Ekari:1,Biak:4,Southern Nambikuára:7,Kok Borok:2,Garifuna:2,Nuer:1,Menya:1,Lü:1,Chak:2,Rajbanshi:1,Didinga:1,Migabac:1,Bokobaru:1,Balanta-Kentohe:2,Iban:3,Batad Ifugao:1,Western Apache:1,Caquinte:1,Chitwania Tharu:2,Hmong Njua:4,Ubir:1,Tangchangya:1,Southeastern Dinka:2,Mískito:1,Orejón:3,Koalib:1,Ladakhi:1,Ledo Kaili:1,Acatepec Me'phaa:1,Bari:1,Northern Pumi:1,Brokskat:1,North Nuaulu:2,Wantoat:5,Palenquero:1,Southern Kisi:1,Lalana Chinantec:1,Mubami:1,Piaroa:1,Southern Tiwa:1,Sankaran Maninka:1,Kisar:1,Khmu:1,Turi:1,Meyah:2,Nunggubuyu:2,Rundi:3,Tugen:2,Naxi:1,Central Malay:2,Gavião Do Jiparaná:1,Sora:2,Serer:1,Bassari:1,French:4,Naro:3,Serbian:2,Busang Kayan:1,Awadhi:1,Bine:2,Sissano:1,Tippera:2,Asho Chin:2,Kekchí:1,Cebuano:1,Yaosakor Asmat:3,Orya:1,Zimakani:1,Umbundu:1,Aari:1,Martu Wangka:1,Maria (India):1,Dutch:1,Mahali:2,Gogo:1,Ayutla Mixtec:1,Kanashi:1,Angor:1,Ixcatlán Mazatec:1,Borei:1,Gumatj:1,K'iche':1,Wolani:1,Alekano:1,Maore Comorian:1,Chittagonian:1,Tetela:1,Rabha:1,Sherpa:1,Epena:1,Masai:1,Tsakhur:1,Aighon:1,Hmong Daw:1","Hindi:0.644084,Urdu:0.549785,Telugu:0.455057,Marathi:0.554301,Panjabi:0.610805,Sindhi:0.576007,Wolof:0.116123,Pushto:0.543128,Gujarati:0.641249,Malayalam:0.508947,Hausa:0.474642,Dogri (individual language):0.225822,Irula:0.116824,Kannada:0.594502,Tamil:0.714844,Nepali (individual language):0.521470,Northern Hindko:0.244462,Malay (individual language):0.364567,Saraiki:0.189734,Assamese:0.640982,Welsh:0.143278,Mahasu Pahari:0.215651,Breton:0.267947,Wik-Mungkan:0.163328,Somali:0.281590,Sinhala:0.584047,Marwari (Pakistan):0.094001,Fiji Hindi:0.281792,Pangwali:0.108417,Ghera:0.163681,Sansi:0.039871,Mandeali:0.156687,Churahi:0.190857,Aheri Gondi:0.087554,Kullu Pahari:0.222806,Gaddi:0.222690,Norwegian Nynorsk:0.250699,Maori:0.217453,Bengali:0.563134,Kacipo-Bale Suri:0.041070,Burmese:0.414477,Javanese:0.250894,Ukrainian:0.324038,Fulah:0.204082,Indonesian:0.414345,Western Panjabi:0.070192,Odia:0.427075,Mongolian:0.438789,Tibetan:0.408049,Kazakh:0.329082,Dhatki:0.089455,Latin:0.189459,Khams Tibetan:0.103022,Nyungar:0.054005,Goan Konkani:0.102811,Murrinh-Patha:0.066132,Kangri:0.247440,Afrikaans:0.396379,Gogodala:0.057879,Shona:0.210689,Paicî:0.064937,Manipuri:0.084531,Nimadi:0.060435,Southern Balochi:0.184146,Kupia:0.097268,Haryanvi:0.237249,Pahari-Potwari:0.072948,Alyawarr:0.050016,Kashmiri:0.086781,Romanian:0.268827,Malagasy:0.242841,Kija:0.019776,Tawallammat Tamajaq:0.064594,Beami:0.049253,El Nayar Cora:0.075459,Macedonian:0.271611,Kurukh:0.115387,Japanese:0.455097,Tok Pisin:0.042022,Dhivehi:0.347177,Papuan Malay:0.114973,Esperanto:0.543749,Sirmauri:0.215697,Baelelea:0.107008,Rao:0.104479,Suruí:0.182906,Amharic:0.433224,Duruwa:0.072339,Bench:0.025311,Northern Kurdish:0.077811,Sundanese:0.300629,Western Arrarnta:0.064459,Bulgarian:0.289520,Gujari:0.041490,Selaru:0.093671,Norwegian Bokmål:0.283699,Varhadi-Nagpuri:0.109093,Slovenian:0.381109,German:0.381395,Italian:0.458585,Kalasha:0.120443,Turkmen:0.424850,English:0.163478,Gowlan:0.122176,Ayoreo:0.243673,Lao:0.426023,Southern Ghale:0.047916,Tagalog:0.246058,Aweer:0.046606,Vietnamese:0.353139,Interlingua (International Auxiliary Language Association):0.213188,Mundari:0.084831,Central Kurdish:0.412918,Saho:0.059754,Tajik:0.297453,Hajong:0.151147,Kinyarwanda:0.560523,Central Awyu:0.018734,Kachi Koli:0.032683,Naga Pidgin:0.154938,Hawaiian:0.296396,Albanian:0.283932,Garhwali:0.210454,Girawa:0.054873,Kamba (Kenya):0.167976,Waray (Philippines):0.204999,Lithuanian:0.631983,Oromo:0.255307,Southwest Tanna:0.031246,Brahui:0.057930,Asue Awyu:0.104102,Bashkir:0.504792,Arabic:0.343243,Wagdi:0.072692,Malvi:0.180215,Dyula:0.008146,Croatian:0.272075,Allar:0.059104,Belarusian:0.383972,Latvian:0.797628,Lodhi:0.017276,Macuna:0.038368,Bundeli:0.060680,Boko (Benin):0.360974,Swahili (individual language):0.466345,Bhattiyali:0.142835,Bhili:0.102946,Jangshung:0.017931,Sanskrit:0.342931,Tem:0.060244,Bahnar:0.032923,Tinani:0.055032,Galician:0.246722,Occitan (post 1500):0.272351,Baoulé:0.126595,Tatar:0.363103,Spanish:0.160334,Central Mazahua:0.046246,Aekyom:0.116808,Byangsi:0.099635,Anindilyakwa:0.046683,Uzbek:0.387033,Azerbaijani:0.163567,Korean:0.472699,Ganda:0.439058,Faroese:0.192939,Santali:0.079255,Kabuverdianu:0.260552,Ngombe (Democratic Republic of Congo):0.044546,Vaagri Booli:0.051454,Persian:0.336600,Zande (individual language):0.097490,Waata:0.093011,Portuguese:0.317951,Kathoriya Tharu:0.060385,Yoruba:0.349906,Pedi:0.028690,Haitian:0.333692,Turkish:0.208314,Swedish:0.320874,Slovak:0.386360,Bagri:0.059125,Pattani:0.062952,Thangmi:0.077390,Igbo:0.041076,Chhattisgarhi:0.247909,Bosnian:0.242549,Kadiwéu:0.025669,Mochi:0.014737,Hungarian:0.484231,Zarma:0.043763,Maay:0.012819,Hani:0.123166,Kayabí:0.049242,Icelandic:0.343229,Manx:0.018176,Hinduri:0.051076,Gunwinggu:0.055916,Mullu Kurumba:0.060502,Kumaoni:0.141344,Ambulas:0.023824,Hakha Chin:0.241087,Garo:0.027991,Guarani:0.320973,Daur:0.072351,Nyishi:0.078851,Yiddish:0.085410,Lowland Tarahumara:0.031503,Yagua:0.236945,Armenian:0.460632,Khmer:0.228077,San Marcos Tlacoyalco Popoloca:0.035081,Mainstream Kenyah:0.092560,Lingala:0.300946,Dazaga:0.121272,Langi:0.035565,Northern Paiute:0.041212,Thulung:0.109414,Dendi (Benin):0.042875,Korwa:0.033676,Thai:0.297839,Modern Greek (1453-):0.654014,Ahanta:0.061531,Samburu:0.033354,Dogrib:0.022683,Danish:0.457597,Western Parbate Kham:0.065005,Attié:0.032044,Abkhazian:0.259368,Walmajarri:0.021083,Hlai:0.162974,Basque:0.216853,Ramoaaina:0.068063,Korku:0.050795,Dhangu-Djangu:0.016727,Mandarin Chinese:0.443855,Betta Kurumba:0.030141,Phu Thai:0.016966,Piratapuyo:0.014997,Sadri:0.444049,Yakut:0.197600,Toda:0.018637,Yocoboué Dida:0.036377,Estonian:0.479198,Hebrew:0.372663,Maltese:0.276252,Ruching Palaung:0.055715,Nyankole:0.009305,Northwestern Ojibwa:0.012539,Marwari (India):0.042544,Tobanga:0.008973,Mangarrayi:0.034704,Aloápam Zapotec:0.009058,Sabaot:0.074213,Gurung:0.215902,Gonja:0.192306,Central Kanuri:0.136715,Shekhawati:0.023490,San Martín Itunyoso Triqui:0.024151,Chakma:0.044151,Uma' Lasan:0.020866,Amdo Tibetan:0.515903,Puroik:0.071086,Tawang Monpa:0.055960,Borôro:0.120414,Dhimal:0.024737,Toba-Maskoy:0.017053,Dogosé:0.027311,Luo (Kenya and Tanzania):0.346093,Apali:0.067193,Mandjak:0.107527,Sentani:0.016008,Kimré:0.023120,Georgian:0.501518,Kyanga:0.181408,Waiwai:0.039550,Tedim Chin:0.036150,Iu Mien:0.131285,Russian:0.256296,Copala Triqui:0.174984,Dangaura Tharu:0.340255,Scots:0.070787,Manga Kanuri:0.158126,Kei:0.078837,Malayo:0.015388,Chicahuaxtla Triqui:0.058919,Achang:0.043165,Catalan:0.180949,Salar:0.035596,Crow:0.059392,Tase Naga:0.045133,Guajá:0.024918,Northern Emberá:0.050131,Kannada Kurumba:0.100661,Bagheli:0.048910,Uripiv-Wala-Rano-Atchin:0.290487,Nyanja:0.443778,Benga:0.035429,Xhosa:0.058952,Jola-Kasa:0.010384,Polish:0.325921,Budeh Stieng:0.018249,Korowai:0.028704,Jamamadí:0.065386,Maithili:0.145361,Jennu Kurumba:0.045806,Eastern Tamang:0.169085,Czech:0.500839,Bokyi:0.014869,Misima-Panaeati:0.016918,Ho:0.123614,Chiquitano:0.029749,Plains Cree:0.294988,Lepcha:0.014859,Newari:0.067618,Rakhine:0.033746,Tarifit:0.315952,Irish:0.076540,Mahou:0.038744,Susu:0.033926,Gumuz:0.081254,Maskelynes:0.050163,Tereno:0.106195,Surgujia:0.031092,Upper Guinea Crioulo:0.260192,San Blas Kuna:0.020839,Kupsabiny:0.010403,Rana Tharu:0.040112,Finnish:0.345961,Iraqw:0.044498,Dzongkha:0.234098,Vlax Romani:0.759164,Takia:0.146024,Akawaio:0.025843,Bodo (India):0.051957,Arbore:0.036959,Xavánte:0.035508,Seri:0.059792,Nopala Chatino:0.013316,Yongkom:0.073085,East Limba:0.131483,Tagin:0.066341,Nambo:0.031701,Balti:0.093936,Dawawa:0.054132,Chukot:0.261446,Northern Gondi:0.069435,Bola:0.008025,Kirghiz:0.297803,Limbu:0.059335,Wakhi:0.048187,Me'en:0.156367,Khaling:0.018478,Kuman (Papua New Guinea):0.023874,Kayapó:0.039216,Iyo:0.061828,Toaripi:0.018100,Digaro-Mishmi:0.029069,Herero:0.024866,Tonga (Tonga Islands):0.162317,Caribbean Hindustani:0.177423,Ekari:0.015677,Biak:0.092703,Southern Nambikuára:0.090399,Kok Borok:0.109853,Garifuna:0.079028,Nuer:0.025134,Menya:0.013821,Lü:0.024487,Chak:0.049923,Rajbanshi:0.041216,Didinga:0.872693,Migabac:0.022821,Bokobaru:0.135308,Balanta-Kentohe:0.020074,Iban:0.128830,Batad Ifugao:0.011535,Western Apache:0.022485,Caquinte:0.022589,Chitwania Tharu:0.075966,Hmong Njua:0.043112,Ubir:0.135776,Tangchangya:0.150592,Southeastern Dinka:0.045252,Mískito:0.100674,Orejón:0.029281,Koalib:0.027269,Ladakhi:0.031152,Ledo Kaili:0.064766,Acatepec Me'phaa:0.417199,Bari:0.285915,Northern Pumi:0.021081,Brokskat:0.017101,North Nuaulu:0.162437,Wantoat:0.130595,Palenquero:0.033822,Southern Kisi:0.050753,Lalana Chinantec:0.014380,Mubami:0.010133,Piaroa:0.061751,Southern Tiwa:0.055030,Sankaran Maninka:0.015370,Kisar:0.013474,Khmu:0.019836,Turi:0.070654,Meyah:0.387226,Nunggubuyu:0.183268,Rundi:0.293201,Tugen:0.044424,Naxi:0.028798,Central Malay:0.025214,Gavião Do Jiparaná:0.067064,Sora:0.055869,Serer:0.093197,Bassari:0.031751,French:0.422450,Naro:0.065343,Serbian:0.237176,Busang Kayan:0.036458,Awadhi:0.066113,Bine:0.047280,Sissano:0.056558,Tippera:0.027338,Asho Chin:0.059865,Kekchí:0.015582,Cebuano:0.337639,Yaosakor Asmat:0.032371,Orya:0.014366,Zimakani:0.100431,Umbundu:0.047575,Aari:0.028728,Martu Wangka:0.014371,Maria (India):0.013751,Dutch:0.768963,Mahali:0.069378,Gogo:0.012619,Ayutla Mixtec:0.022779,Kanashi:0.020282,Angor:0.099672,Ixcatlán Mazatec:0.033494,Borei:0.005478,Gumatj:0.104509,K'iche':0.017150,Wolani:0.018084,Alekano:0.020224,Maore Comorian:0.016430,Chittagonian:0.294775,Tetela:0.027873,Rabha:0.032398,Sherpa:0.020243,Epena:0.033214,Masai:0.184319,Tsakhur:0.041743,Aighon:0.018647,Hmong Daw:0.063306","Nagaur,Churu",RJ
UNKNOWN,Not_supported,S,368,"Hindi:333,Gujarati:5,Marathi:4,Urdu:10,Assamese:4,Breton:1,Panjabi:6,Hajong:1,Guarani:1,Sindhi:1,Odia:1,Nepali (individual language):1","Hindi:0.926693,Gujarati:0.572072,Marathi:0.858925,Urdu:0.698813,Assamese:0.787190,Breton:0.383619,Panjabi:0.757903,Hajong:0.089061,Guarani:0.718506,Sindhi:0.344716,Odia:0.105651,Nepali (individual language):0.557721",DakshinKannada,Karnataka
CHATTISGARHI,Not_supported,"M,S",88036,"Kupia:11,Hindi:41169,Gujarati:4392,Kannada:337,Marathi:4283,Mahasu Pahari:269,Sinhala:405,Telugu:317,Surgujia:1957,Churahi:24,Nepali (individual language):1290,Kumaoni:202,Northern Emberá:36,Sylheti:12,Chhattisgarhi:4265,Bhatri:220,Sindhi:3041,Urdu:3102,Bengali:2944,Panjabi:2148,Faroese:8,Assamese:835,Kullu Pahari:1068,Fiji Hindi:1389,Bagheli:1415,Magahi:218,Tangchangya:9,Bundeli:275,Kurukh:1591,Kathoriya Tharu:87,Vietnamese:10,Mambae:14,Somali:113,Bhili:321,Sadri:1049,Gowlan:85,Bhojpuri:471,Saraiki:223,Kashmiri:188,Garhwali:182,Manipuri:175,Digaro-Mishmi:23,Shona:17,Thai:19,Russia Buriat:3,Pushto:554,Odia:117,Spanish:12,Rana Tharu:421,Nimadi:215,Malayalam:48,Sanskrit:359,Hiligaynon:1,Pahari-Potwari:69,Aheri Gondi:128,Rabha:10,Gaddi:43,Hinduri:22,Guarani:33,Southern Balochi:113,Halbi:155,Marwari (Pakistan):590,Maithili:128,Bagri:57,Oraon Sadri:47,Ghera:496,Malay (individual language):43,Gavião Do Jiparaná:1,Garo:4,Sundanese:55,Amharic:36,Northern Gondi:116,Borôro:3,Fulah:41,Suruí:55,Haitian:23,Tajik:20,Toma:1,Tippera:28,Dhatki:66,Wolof:43,Pangwali:53,Kalasha:126,Javanese:145,Esperanto:13,Malagasy:21,Malvi:34,Agarabi:9,Tagalog:18,Palya Bareli:19,Slovenian:17,Kanjari:9,Bharia:3,Waray (Philippines):28,Crow:1,Wagdi:253,Santali:90,Chitwania Tharu:65,Tawallammat Tamajaq:12,Saho:10,Bodo (India):7,Hausa:63,Biak:8,Hlai:16,Northwestern Kolami:3,Lao:29,Newari:3,Dangaura Tharu:50,Northern Hindko:72,Mandarin Chinese:5,Western Juxtlahuaca Mixtec:1,Murrinh-Patha:28,Gurung:30,Mongolian:17,Wik-Mungkan:65,Persian:87,Oromo:59,Lawangan:1,Sauria Paharia:13,Maori:51,Bhunjia:10,Uab Meto:1,Achang:4,Iyo:6,Aekyom:13,Pedi:14,Pattani Malay:5,English:13,Haryanvi:37,Malayic Dayak:4,Belarusian:3,Western Panjabi:8,Woun Meu:30,Dhivehi:1,Turkmen:17,Mru:5,Aweer:22,Nias:6,Burmese:68,Croatian:3,Tase Naga:8,Hajong:44,Sirmauri:62,Nahali:4,Sora:21,Mandeali:89,Sonha:28,Kayapó:19,Caribbean Hindustani:42,Sampang:1,Northeast Kiwai:8,Goan Konkani:16,Hawaiian:40,Tibetan:48,Turkish:6,Texmelucan Zapotec:1,Hadza:6,Harijan Kinnauri:5,Shipibo-Conibo:1,Jadgali:3,Mewati:19,Sanumá:1,Tuparí:3,Achagua:6,Mukulu:1,Khowar:6,Romanian:12,Boko (Benin):1,Indonesian:6,Awadhi:33,Norwegian Nynorsk:16,Yemsa:1,Korowai:4,Khasi:11,Breton:15,Vunjo:1,El Nayar Cora:2,Mahali:20,Falam Chin:5,Kodaku:9,Andaman Creole Hindi:2,Uripiv-Wala-Rano-Atchin:5,Kachin:2,Limbu:5,Matu Chin:1,Danish:3,Lowland Tarahumara:3,Obokuitai:2,Kayabí:1,Kanauji:8,Balti:12,Rao:4,Kwamera:2,Mundari:59,Kamano:1,Kok Borok:23,Páez:2,Yagua:19,Catalan:6,Magdalena Peñasco Mixtec:1,Asue Awyu:11,Kui (India):8,Bahnar:1,Tamil:29,Sinaugoro:1,Lodhi:18,Northern Paiute:6,Western Parbate Kham:12,Fijian:1,Tetun Dili:2,Khirwar:25,Palenquero:14,Dogrib:8,Chak:3,Cebuano:6,Western Arrarnta:3,Bazigar:8,Hmong Njua:3,Parsi:3,Welsh:10,Girawa:4,Shan:3,Dhangu-Djangu:1,Dhimal:6,Umbundu:1,Nyanja:3,Rejang:3,Western Tlacolula Valley Zapotec:1,Central Awyu:1,Ramoaaina:5,Mainstream Kenyah:5,Kembayan:1,Wolaytta:1,Eastern Tamang:8,Jamamadí:18,Pauri Bareli:3,Dedua:1,Chittagonian:3,Duruwa:6,Ayoreo:3,Yongkom:2,Venda:2,Dhanki:3,Aari:2,Central Kurdish:10,Southern Nambikuára:14,Kei:6,Guambiano:3,Orya:3,Naro:15,Georgian:2,Nggem:1,ǃXóõ:3,North Bolivian Quechua:1,Arabic:17,Maay:4,Emberá-Catío:3,Hixkaryána:1,Yanesha':1,Yoruba:15,Naga Pidgin:1,Northern Tepehuan:1,Varhadi-Nagpuri:10,Tabasco Chontal:1,Pisaflores Tepehua:1,Southern Tiwa:3,Lingala:4,Leco:1,Occitan (post 1500):9,Mandara:1,Korku:3,Hani:2,Iu Mien:9,San Marcos Tlacoyalco Popoloca:2,Ngaju:2,Bisu:8,Chiquihuitlán Mazatec:4,Toto:3,Curripaco:1,Mískito:5,Ngombe (Democratic Republic of Congo):2,Southwest Tanna:10,Lomwe:1,Maria (India):4,Sissano:1,Yosondúa Mixtec:1,Alyawarr:2,Epena:2,Wedau:3,Wantoat:1,Kangri:7,Galician:3,Brahui:7,Norwegian Bokmål:7,Angal Heneng:1,Portuguese:14,Jangshung:7,Pakaásnovos:4,Puinave:1,Pattani:2,Finnish:2,Lü:3,Mag-antsi Ayta:3,Mawchi:7,Krung:2,Piratapuyo:3,Yetfa:1,Swahili (individual language):10,Yaosakor Asmat:2,Thangmi:4,Albanian:4,Korwa:6,Basque:1,Gujari:1,Darai:2,Wambule:2,Huastec:2,Bhilali:1,Braj:8,Gonja:1,Lala-Roba:1,Chuj:1,Xhosa:5,Byangsi:10,Adilabad Gondi:1,Angika:3,Southeastern Puebla Nahuatl:1,Khamyang:1,Ruching Palaung:2,Southern Ghale:3,Ubir:2,Khmer:11,Ibanag:1,Koya:4,Japanese:1,Guahibo:1,Lithuanian:1,Kaansa:2,Sunwar:2,Kinyarwanda:2,Tanimuca-Retuarã:1,Eastern Bru:1,Dobel:1,Nambo:1,Zande (individual language):1,Iraqw:2,Rohingya:4,Powari:9,Yamdena:2,Bukar-Sadung Bidayuh:1,Tinani:8,Lengo:1,Bawm Chin:2,Dogri (individual language):8,Luo (Kenya and Tanzania):6,Kabuverdianu:3,Copala Triqui:1,Ayutla Mixtec:1,Cacua:2,Waata:3,Lacandon:1,Ledo Kaili:1,North Nuaulu:7,Orejón:2,Kochila Tharu:6,Nyishi:4,Wersing:1,Dhundari:1,Toaripi:5,Uzbek:4,Sranan Tongo:1,Mün Chin:2,Armenian:2,Italian:4,Beami:7,Uma' Lasan:3,Bambam:1,Azerbaijani:3,Araona:3,Hebrew:7,Tagin:2,Mai Brat:3,Rajbanshi:6,Thulung:13,Peñoles Mixtec:1,Kirghiz:1,Rathwi Bareli:1,Ganda:3,Kamba (Kenya):3,Daasanach:3,Amarakaeri:1,Icelandic:4,Sansi:2,Tetum:4,Huehuetla Tepehua:1,Dazaga:4,Secoya:2,Nunggubuyu:1,Korean:10,Benyadu':2,Fordata:2,Western Tawbuid:1,Far Western Muria:1,Paumarí:3,Hungarian:3,Turi:1,Marghi Central:1,Kamayurá:1,Eastern Magar:1,Vai:2,Kaluli:3,Bola:2,Lambayeque Quechua:1,Western Dani:1,Purepecha:1,Isirawa:3,Dzongkha:4,Santa Teresa Cora:1,San Jerónimo Tecóatl Mazatec:1,Kaingang:1,Chopi:2,Baikeno:5,Cubeo:1,San Juan Atzingo Popoloca:1,San Blas Kuna:2,Culina:7,Bhattiyali:5,Chakma:3,Wakhi:1,Tsamai:1,Kurmukar:5,Bauzi:1,Bosnian:3,Wayu:1,Batad Ifugao:1,Chicahuaxtla Triqui:4,Tatar:4,Bakairí:1,Irish:2,Blagar:2,Bete-Bendi:1,Maltese:1,Yiddish:4,Shekhawati:2,Malayo:1,Latin:4,Gogodala:1,Galibi Carib:1,Central Malay:4,Border Kuna:1,Daur:1,Scots:1,Manga Kanuri:2,Tangoa:1,Zyphe Chin:1,Ron:1,Lepcha:3,Igede:1,Dhao:1,Yocoboué Dida:2,Tsakhur:2,Bonggi:1,Nyungar:2,Garifuna:1,Coastal Konjo:1,Buginese:1,Avaric:1,Uduk:1,Karekare:1,Benga:1,Southeast Ambrym:1,Piaroa:1,Northern Kurdish:2,Bilin:1,Macedonian:2,Iban:1,Nadëb:1,Konso:1,Tobanga:1,Tehit:1,Chortí:1,Gumuz:1,Manumanaw Karen:1,Kusaal:1,Teop:2,Baniwa:3,Morisyen:1,Anindilyakwa:1,Akawaio:2,Metlatónoc Mixtec:1,Rundi:1,Khumi Chin:2,Amganad Ifugao:1,Upper Ta'oih:3,Tsimané:2,Adi:1,Paicî:1,Ngäbere:1,Bakwé:1,Cabécar:2,Parecís:1,Ngulu:1,Irula:1,Mezquital Otomi:1,Andh:1,Makhuwa:1,Northern Pumi:1,Marwari (India):1,Xavánte:2,Canela:1,Guinea Kpelle:1,Mandjak:2,Afrikaans:2,Camling:2,Vaagri Booli:2,Bauni:2,Ignaciano:1,Blang:1,Tereno:1,Xerénte:1,Central Tunebo:1,Lalana Chinantec:1,Ntcham:1,Mufian:3,Guajá:2,Swedish:2,Tagal Murut:1,Tucano:1,Malawi Lomwe:1,Luxembourgish:1,Yaminahua:1,Tedim Chin:2,Ladakhi:1,Gumatj:1,Betta Kurumba:1,Balanta-Kentohe:1,Baruga:1,Papiamento:1,Igbo:1,Slovak:1,Rakhine:1,Mangarrayi:1,Huli:1,Nyole:1,Bukusu:1,Saint Lucian Creole French:1,Gwichʼin:1,Angor:1,Polish:2,Mapudungun:1,Iduna:1,Juǀʼhoan:1,Sabaot:1,Kenga:1,Luang:1,Dhanwar (Nepal):1,Shanga:1,Saramaccan:1,Selaru:1,Navajo:1,Hmong Daw:1,Belize Kriol English:1,Kamoro:1,Khams Tibetan:1,Ewe:1,Isanzu:1,Termanu:1,Palantla Chinantec:1,Nilamba:1,Southeastern Tepehuan:2,Noiri:1,Latvian:1,Busang Kayan:1,Alekano:1,Western Apache:1,Bidyogo:1,Seri:1,Casiguran Dumagat Agta:1","Kupia:0.074494,Hindi:0.746395,Gujarati:0.626257,Kannada:0.516287,Marathi:0.645553,Mahasu Pahari:0.213870,Sinhala:0.556929,Telugu:0.461932,Surgujia:0.344346,Churahi:0.145274,Nepali (individual language):0.507937,Kumaoni:0.253756,Northern Emberá:0.096434,Sylheti:0.321734,Chhattisgarhi:0.477232,Bhatri:0.329921,Sindhi:0.559893,Urdu:0.439550,Bengali:0.689566,Panjabi:0.579516,Faroese:0.235375,Assamese:0.685452,Kullu Pahari:0.292711,Fiji Hindi:0.326563,Bagheli:0.189875,Magahi:0.365943,Tangchangya:0.180449,Bundeli:0.058579,Kurukh:0.316917,Kathoriya Tharu:0.079578,Vietnamese:0.417754,Mambae:0.052056,Somali:0.384306,Bhili:0.093644,Sadri:0.319123,Gowlan:0.061458,Bhojpuri:0.243515,Saraiki:0.152990,Kashmiri:0.074105,Garhwali:0.147305,Manipuri:0.150188,Digaro-Mishmi:0.057643,Shona:0.199792,Thai:0.579246,Russia Buriat:0.047254,Pushto:0.552048,Odia:0.406790,Spanish:0.150755,Rana Tharu:0.071262,Nimadi:0.048028,Malayalam:0.471576,Sanskrit:0.393120,Hiligaynon:0.009636,Pahari-Potwari:0.076731,Aheri Gondi:0.247322,Rabha:0.045618,Gaddi:0.133526,Hinduri:0.052704,Guarani:0.407664,Southern Balochi:0.151569,Halbi:0.373689,Marwari (Pakistan):0.097107,Maithili:0.144458,Bagri:0.064879,Oraon Sadri:0.182375,Ghera:0.177567,Malay (individual language):0.319539,Gavião Do Jiparaná:0.077223,Garo:0.161017,Sundanese:0.392649,Amharic:0.373912,Northern Gondi:0.111677,Borôro:0.064990,Fulah:0.273311,Suruí:0.128619,Haitian:0.477371,Tajik:0.401519,Toma:0.023318,Tippera:0.060592,Dhatki:0.076655,Wolof:0.121795,Pangwali:0.063424,Kalasha:0.070830,Javanese:0.287380,Esperanto:0.644392,Malagasy:0.237366,Malvi:0.097573,Agarabi:0.183992,Tagalog:0.370739,Palya Bareli:0.037913,Slovenian:0.228319,Kanjari:0.024822,Bharia:0.026890,Waray (Philippines):0.281404,Crow:0.024623,Wagdi:0.068841,Santali:0.104039,Chitwania Tharu:0.110255,Tawallammat Tamajaq:0.029214,Saho:0.240217,Bodo (India):0.029422,Hausa:0.566348,Biak:0.081632,Hlai:0.120135,Northwestern Kolami:0.055353,Lao:0.327073,Newari:0.027590,Dangaura Tharu:0.211456,Northern Hindko:0.190637,Mandarin Chinese:0.287818,Western Juxtlahuaca Mixtec:0.077891,Murrinh-Patha:0.036035,Gurung:0.182238,Mongolian:0.381075,Wik-Mungkan:0.116493,Persian:0.219334,Oromo:0.276218,Lawangan:0.042097,Sauria Paharia:0.115787,Maori:0.177590,Bhunjia:0.034331,Uab Meto:0.143451,Achang:0.056957,Iyo:0.034789,Aekyom:0.039113,Pedi:0.240592,Pattani Malay:0.096335,English:0.040186,Haryanvi:0.123275,Malayic Dayak:0.022690,Belarusian:0.212517,Western Panjabi:0.059121,Woun Meu:0.172198,Dhivehi:0.103317,Turkmen:0.329317,Mru:0.258041,Aweer:0.047906,Nias:0.053823,Burmese:0.421112,Croatian:0.169820,Tase Naga:0.046041,Hajong:0.227325,Sirmauri:0.170063,Nahali:0.050933,Sora:0.122374,Mandeali:0.160812,Sonha:0.059691,Kayapó:0.053949,Caribbean Hindustani:0.316723,Sampang:0.037845,Northeast Kiwai:0.031205,Goan Konkani:0.107352,Hawaiian:0.276767,Tibetan:0.405640,Turkish:0.166722,Texmelucan Zapotec:0.027939,Hadza:0.030745,Harijan Kinnauri:0.039702,Shipibo-Conibo:0.008822,Jadgali:0.014358,Mewati:0.035980,Sanumá:0.021436,Tuparí:0.055588,Achagua:0.042015,Mukulu:0.019464,Khowar:0.063157,Romanian:0.374972,Boko (Benin):0.083928,Indonesian:0.675972,Awadhi:0.140195,Norwegian Nynorsk:0.154335,Yemsa:0.238855,Korowai:0.075306,Khasi:0.076062,Breton:0.309335,Vunjo:0.006520,El Nayar Cora:0.408596,Mahali:0.189864,Falam Chin:0.115843,Kodaku:0.117353,Andaman Creole Hindi:0.077927,Uripiv-Wala-Rano-Atchin:0.036206,Kachin:0.022172,Limbu:0.023538,Matu Chin:0.022097,Danish:0.067174,Lowland Tarahumara:0.100674,Obokuitai:0.052900,Kayabí:0.038795,Kanauji:0.035024,Balti:0.074820,Rao:0.246959,Kwamera:0.079334,Mundari:0.158646,Kamano:0.013782,Kok Borok:0.117880,Páez:0.096481,Yagua:0.193520,Catalan:0.458839,Magdalena Peñasco Mixtec:0.011250,Asue Awyu:0.070281,Kui (India):0.067612,Bahnar:0.021019,Tamil:0.623569,Sinaugoro:0.017892,Lodhi:0.088572,Northern Paiute:0.055553,Western Parbate Kham:0.070407,Fijian:0.006181,Tetun Dili:0.026475,Khirwar:0.060798,Palenquero:0.083118,Dogrib:0.026564,Chak:0.032883,Cebuano:0.232909,Western Arrarnta:0.050817,Bazigar:0.033360,Hmong Njua:0.110580,Parsi:0.036309,Welsh:0.131580,Girawa:0.066109,Shan:0.144729,Dhangu-Djangu:0.014088,Dhimal:0.086267,Umbundu:0.060132,Nyanja:0.394185,Rejang:0.023058,Western Tlacolula Valley Zapotec:0.177396,Central Awyu:0.019832,Ramoaaina:0.033667,Mainstream Kenyah:0.042064,Kembayan:0.058471,Wolaytta:0.095280,Eastern Tamang:0.112981,Jamamadí:0.240199,Pauri Bareli:0.024860,Dedua:0.665852,Chittagonian:0.239231,Duruwa:0.082736,Ayoreo:0.371240,Yongkom:0.023100,Venda:0.078378,Dhanki:0.064088,Aari:0.047880,Central Kurdish:0.279177,Southern Nambikuára:0.040920,Kei:0.048671,Guambiano:0.035257,Orya:0.020466,Naro:0.084199,Georgian:0.616514,Nggem:0.079002,ǃXóõ:0.046629,North Bolivian Quechua:0.278102,Arabic:0.457247,Maay:0.070969,Emberá-Catío:0.031558,Hixkaryána:0.089135,Yanesha':0.040858,Yoruba:0.196951,Naga Pidgin:0.013183,Northern Tepehuan:0.028063,Varhadi-Nagpuri:0.082156,Tabasco Chontal:0.018444,Pisaflores Tepehua:0.019657,Southern Tiwa:0.035721,Lingala:0.583226,Leco:0.022160,Occitan (post 1500):0.284735,Mandara:0.014939,Korku:0.027628,Hani:0.051959,Iu Mien:0.053674,San Marcos Tlacoyalco Popoloca:0.020455,Ngaju:0.015222,Bisu:0.070101,Chiquihuitlán Mazatec:0.014831,Toto:0.039102,Curripaco:0.276116,Mískito:0.063235,Ngombe (Democratic Republic of Congo):0.020565,Southwest Tanna:0.055330,Lomwe:0.202178,Maria (India):0.071092,Sissano:0.068033,Yosondúa Mixtec:0.028229,Alyawarr:0.022538,Epena:0.123784,Wedau:0.076379,Wantoat:0.111686,Kangri:0.163084,Galician:0.608091,Brahui:0.041862,Norwegian Bokmål:0.175757,Angal Heneng:0.037853,Portuguese:0.315223,Jangshung:0.039771,Pakaásnovos:0.050505,Puinave:0.079497,Pattani:0.044134,Finnish:0.494906,Lü:0.044809,Mag-antsi Ayta:0.024701,Mawchi:0.083655,Krung:0.465283,Piratapuyo:0.038519,Yetfa:0.024929,Swahili (individual language):0.534659,Yaosakor Asmat:0.130629,Thangmi:0.392177,Albanian:0.355410,Korwa:0.061371,Basque:0.218958,Gujari:0.035944,Darai:0.054539,Wambule:0.281912,Huastec:0.035655,Bhilali:0.015790,Braj:0.033429,Gonja:0.242457,Lala-Roba:0.011026,Chuj:0.021303,Xhosa:0.102755,Byangsi:0.102497,Adilabad Gondi:0.029229,Angika:0.046447,Southeastern Puebla Nahuatl:0.015264,Khamyang:0.028509,Ruching Palaung:0.039412,Southern Ghale:0.091867,Ubir:0.024495,Khmer:0.503838,Ibanag:0.017663,Koya:0.069069,Japanese:0.968082,Guahibo:0.117863,Lithuanian:0.616057,Kaansa:0.016730,Sunwar:0.051567,Kinyarwanda:0.108757,Tanimuca-Retuarã:0.062821,Eastern Bru:0.013751,Dobel:0.008279,Nambo:0.016193,Zande (individual language):0.031284,Iraqw:0.044034,Rohingya:0.123027,Powari:0.044882,Yamdena:0.024970,Bukar-Sadung Bidayuh:0.018311,Tinani:0.060732,Lengo:0.055297,Bawm Chin:0.017200,Dogri (individual language):0.168625,Luo (Kenya and Tanzania):0.108004,Kabuverdianu:0.160694,Copala Triqui:0.061655,Ayutla Mixtec:0.035223,Cacua:0.045778,Waata:0.077934,Lacandon:0.013314,Ledo Kaili:0.011738,North Nuaulu:0.061601,Orejón:0.040928,Kochila Tharu:0.068862,Nyishi:0.090478,Wersing:0.015572,Dhundari:0.017134,Toaripi:0.025079,Uzbek:0.373955,Sranan Tongo:0.019441,Mün Chin:0.037605,Armenian:0.361331,Italian:0.622149,Beami:0.033990,Uma' Lasan:0.026724,Bambam:0.006621,Azerbaijani:0.180139,Araona:0.067816,Hebrew:0.193026,Tagin:0.017231,Mai Brat:0.027298,Rajbanshi:0.148618,Thulung:0.099883,Peñoles Mixtec:0.028623,Kirghiz:0.014455,Rathwi Bareli:0.056392,Ganda:0.129439,Kamba (Kenya):0.042728,Daasanach:0.032567,Amarakaeri:0.012794,Icelandic:0.332512,Sansi:0.029512,Tetum:0.044687,Huehuetla Tepehua:0.048772,Dazaga:0.108086,Secoya:0.076582,Nunggubuyu:0.013737,Korean:0.456836,Benyadu':0.022212,Fordata:0.121616,Western Tawbuid:0.023946,Far Western Muria:0.463595,Paumarí:0.068271,Hungarian:0.350224,Turi:0.333717,Marghi Central:0.021292,Kamayurá:0.016424,Eastern Magar:0.046002,Vai:0.067615,Kaluli:0.027211,Bola:0.033684,Lambayeque Quechua:0.009241,Western Dani:0.051899,Purepecha:0.024408,Isirawa:0.044546,Dzongkha:0.078712,Santa Teresa Cora:0.015855,San Jerónimo Tecóatl Mazatec:0.006147,Kaingang:0.028726,Chopi:0.015795,Baikeno:0.117070,Cubeo:0.082291,San Juan Atzingo Popoloca:0.011674,San Blas Kuna:0.071980,Culina:0.075208,Bhattiyali:0.089392,Chakma:0.101739,Wakhi:0.028449,Tsamai:0.027044,Kurmukar:0.189501,Bauzi:0.010210,Bosnian:0.095515,Wayu:0.013030,Batad Ifugao:0.008850,Chicahuaxtla Triqui:0.022292,Tatar:0.265082,Bakairí:0.077715,Irish:0.117579,Blagar:0.031385,Bete-Bendi:0.033260,Maltese:0.455502,Yiddish:0.347945,Shekhawati:0.020782,Malayo:0.015319,Latin:0.384914,Gogodala:0.046534,Galibi Carib:0.149754,Central Malay:0.108851,Border Kuna:0.050036,Daur:0.035651,Scots:0.036986,Manga Kanuri:0.064264,Tangoa:0.014594,Zyphe Chin:0.073556,Ron:0.013640,Lepcha:0.033831,Igede:0.031498,Dhao:0.015647,Yocoboué Dida:0.024188,Tsakhur:0.045335,Bonggi:0.018882,Nyungar:0.057008,Garifuna:0.410577,Coastal Konjo:0.237269,Buginese:0.029810,Avaric:0.123556,Uduk:0.148029,Karekare:0.015417,Benga:0.273082,Southeast Ambrym:0.021532,Piaroa:0.013377,Northern Kurdish:0.409535,Bilin:0.129522,Macedonian:0.492219,Iban:0.009728,Nadëb:0.027171,Konso:0.019578,Tobanga:0.014892,Tehit:0.043116,Chortí:0.087429,Gumuz:0.041810,Manumanaw Karen:0.917432,Kusaal:0.024405,Teop:0.025901,Baniwa:0.030158,Morisyen:0.029953,Anindilyakwa:0.048634,Akawaio:0.014187,Metlatónoc Mixtec:0.026667,Rundi:0.223126,Khumi Chin:0.076726,Amganad Ifugao:0.015480,Upper Ta'oih:0.058190,Tsimané:0.041584,Adi:0.136918,Paicî:0.045044,Ngäbere:0.019962,Bakwé:0.022260,Cabécar:0.051010,Parecís:0.096916,Ngulu:0.009009,Irula:0.302188,Mezquital Otomi:0.020121,Andh:0.014536,Makhuwa:0.010463,Northern Pumi:0.030696,Marwari (India):0.028263,Xavánte:0.046423,Canela:0.039993,Guinea Kpelle:0.009886,Mandjak:0.053111,Afrikaans:0.056158,Camling:0.044969,Vaagri Booli:0.030676,Bauni:0.062134,Ignaciano:0.061011,Blang:0.228479,Tereno:0.019964,Xerénte:0.042252,Central Tunebo:0.129822,Lalana Chinantec:0.008105,Ntcham:0.047311,Mufian:0.119697,Guajá:0.549641,Swedish:0.353847,Tagal Murut:0.025764,Tucano:0.045879,Malawi Lomwe:0.023243,Luxembourgish:0.014226,Yaminahua:0.054171,Tedim Chin:0.058877,Ladakhi:0.017235,Gumatj:0.036289,Betta Kurumba:0.073347,Balanta-Kentohe:0.033751,Baruga:0.095777,Papiamento:0.011230,Igbo:0.073116,Slovak:0.084205,Rakhine:0.042262,Mangarrayi:0.016549,Huli:0.013773,Nyole:0.129836,Bukusu:0.209387,Saint Lucian Creole French:0.007887,Gwichʼin:0.030026,Angor:0.010459,Polish:0.621504,Mapudungun:0.026305,Iduna:0.032635,Juǀʼhoan:0.057850,Sabaot:0.015344,Kenga:0.011188,Luang:0.027422,Dhanwar (Nepal):0.045642,Shanga:0.034922,Saramaccan:0.025075,Selaru:0.047029,Navajo:0.019038,Hmong Daw:0.026519,Belize Kriol English:0.022720,Kamoro:0.028240,Khams Tibetan:0.307396,Ewe:0.069667,Isanzu:0.386105,Termanu:0.007824,Palantla Chinantec:0.069564,Nilamba:0.076460,Southeastern Tepehuan:0.180311,Noiri:0.065931,Latvian:0.684582,Busang Kayan:0.186080,Alekano:0.026979,Western Apache:0.050799,Bidyogo:0.049076,Seri:0.031048,Casiguran Dumagat Agta:0.140964","Raigarh,Bilaspur,Ghazipur,Sarguja,Kabirdham,Sahebganj,Rajnandgaon,Kabirdha,Saharsa,Rajnandg,Balrampur,Jashpur,Nagpur,Bastar,Purnia,Korba","Jharkhand,Maharashtra,Bihar,CG,Chhattisgarh,Uttarpradesh"
KHARI BOLI,Not_supported,S,8364,"Hindi:5434,Bengali:196,Urdu:1021,Gujarati:87,Sindhi:299,Manipuri:3,Bhojpuri:11,Telugu:53,Nepali (individual language):74,Kannada:29,Odia:4,Kullu Pahari:6,Ghera:59,Chhattisgarhi:11,Panjabi:512,Malayalam:15,Marwari (Pakistan):51,Sanskrit:14,Garhwali:4,Pushto:17,Wolof:7,Northern Hindko:7,Balti:1,Yagua:2,Dendi (Benin):1,Latvian:1,Kachi Koli:1,Byangsi:2,Sinhala:43,Kashmiri:12,Yocoboué Dida:1,Assamese:33,Hawaiian:1,Magahi:8,Italian:2,Javanese:5,Fiji Hindi:19,Saraiki:21,Bagheli:3,Khmer:2,Korean:1,Bundeli:21,Dogri (individual language):3,Hinduri:4,Ngaju:1,Bagri:4,Shekhawati:2,Ayoreo:1,Toma:1,Maithili:3,Marathi:52,Southern Balochi:9,Mongolian:3,Hmong Njua:1,Iu Mien:2,Rao:1,Pangwali:4,Kok Borok:4,Shona:1,Malay (individual language):1,Tamil:8,Somali:4,Dazaga:1,Chicahuaxtla Triqui:1,Betta Kurumba:1,Western Panjabi:2,Yoruba:1,Toba:1,Kurukh:9,Maori:4,Lao:1,Pahari-Potwari:5,Awadhi:1,Metlatónoc Mixtec:1,Western Juxtlahuaca Mixtec:1,Sadri:3,Bashkir:1,Gaddi:6,Burmese:6,Khasi:2,Kangri:3,Malagasy:3,Thai:1,Mahasu Pahari:3,Mandeali:1,Blagar:1,Newari:1,Aheri Gondi:3,Koya:1,Tibetan:4,Kipsigis:1,Cebuano:1,Miju-Mishmi:1,Wagdi:3,Puroik:1,Kayabí:1,Dhatki:3,Haryanvi:3,Bhili:1,Romanian:1,Japanese:1,Northern Emberá:1,Santali:2,Norwegian Nynorsk:4,Talise:1,Tinani:1,Persian:3,Wik-Mungkan:1,Noiri:1,Kaansa:1,Amharic:3,Murrinh-Patha:4,Albanian:3,Piratapuyo:1,Norwegian Bokmål:1,Sochiapam Chinantec:1,Vietnamese:1,Mískito:1,Gurung:1,Yongkom:1,Caribbean Hindustani:1,Urubú-Kaapor:1,Kalasha:2,Waray (Philippines):3,English:1,Ngaanyatjarra:1,Jola-Fonyi:1,Swahili (individual language):1,Kayapó:1,Southern Nambikuára:1,Goan Konkani:1,Khowar:1,Kathoriya Tharu:1,Icelandic:1,Tippera:1,Asho Chin:1,Churahi:1,Tawang Monpa:1,Nimadi:2,Culina:1,Dhao:1,Aweer:1,Sundanese:1,Achang:1,Tangchangya:1,Slovenian:1,Surgujia:1,Kwamera:1,Welsh:1,Dhundari:1,Afrikaans:1,Kumaoni:1,Tagin:1,Secoya:1,Guarani:2,Eastern Highland Chatino:1,Turkmen:1,Bulgarian:1,Tereno:1","Hindi:0.822296,Bengali:0.863806,Urdu:0.656369,Gujarati:0.632570,Sindhi:0.609414,Manipuri:0.087253,Bhojpuri:0.347033,Telugu:0.602542,Nepali (individual language):0.645115,Kannada:0.565390,Odia:0.439645,Kullu Pahari:0.161900,Ghera:0.201372,Chhattisgarhi:0.214835,Panjabi:0.669169,Malayalam:0.678601,Marwari (Pakistan):0.127564,Sanskrit:0.281071,Garhwali:0.171409,Pushto:0.612532,Wolof:0.059788,Northern Hindko:0.190875,Balti:0.073377,Yagua:0.120989,Dendi (Benin):0.012076,Latvian:0.011309,Kachi Koli:0.015267,Byangsi:0.037857,Sinhala:0.598056,Kashmiri:0.053636,Yocoboué Dida:0.037798,Assamese:0.634208,Hawaiian:0.226351,Magahi:0.415549,Italian:0.546689,Javanese:0.505729,Fiji Hindi:0.413630,Saraiki:0.167767,Bagheli:0.161484,Khmer:0.285173,Korean:0.416020,Bundeli:0.099049,Dogri (individual language):0.164499,Hinduri:0.088560,Ngaju:0.023539,Bagri:0.041954,Shekhawati:0.016793,Ayoreo:0.060928,Toma:0.046892,Maithili:0.102157,Marathi:0.621961,Southern Balochi:0.149710,Mongolian:0.188279,Hmong Njua:0.150434,Iu Mien:0.024407,Rao:0.034194,Pangwali:0.048814,Kok Borok:0.206790,Shona:0.470193,Malay (individual language):0.445464,Tamil:0.671012,Somali:0.495511,Dazaga:0.218274,Chicahuaxtla Triqui:0.059852,Betta Kurumba:0.059954,Western Panjabi:0.124276,Yoruba:0.272024,Toba:0.265958,Kurukh:0.148483,Maori:0.134739,Lao:0.963639,Pahari-Potwari:0.084530,Awadhi:0.662650,Metlatónoc Mixtec:0.008407,Western Juxtlahuaca Mixtec:0.021098,Sadri:0.250865,Bashkir:0.107320,Gaddi:0.052849,Burmese:0.388521,Khasi:0.111169,Kangri:0.312294,Malagasy:0.217771,Thai:0.337162,Mahasu Pahari:0.312842,Mandeali:0.020156,Blagar:0.020576,Newari:0.509914,Aheri Gondi:0.321624,Koya:0.026485,Tibetan:0.163450,Kipsigis:0.055230,Cebuano:0.440060,Miju-Mishmi:0.059265,Wagdi:0.040359,Puroik:0.007511,Kayabí:0.017223,Dhatki:0.078150,Haryanvi:0.105855,Bhili:0.053996,Romanian:0.212978,Japanese:0.496834,Northern Emberá:0.058524,Santali:0.098697,Norwegian Nynorsk:0.238511,Talise:0.015697,Tinani:0.010917,Persian:0.281062,Wik-Mungkan:0.009654,Noiri:0.030845,Kaansa:0.006648,Amharic:0.757028,Murrinh-Patha:0.051556,Albanian:0.222063,Piratapuyo:0.210961,Norwegian Bokmål:0.658018,Sochiapam Chinantec:0.007895,Vietnamese:0.274142,Mískito:0.011437,Gurung:0.043182,Yongkom:0.019288,Caribbean Hindustani:0.164359,Urubú-Kaapor:0.035084,Kalasha:0.020898,Waray (Philippines):0.268414,English:0.054533,Ngaanyatjarra:0.034155,Jola-Fonyi:0.295733,Swahili (individual language):0.226384,Kayapó:0.018596,Southern Nambikuára:0.063703,Goan Konkani:0.128703,Khowar:0.032558,Kathoriya Tharu:0.055580,Icelandic:0.247141,Tippera:0.013178,Asho Chin:0.086570,Churahi:0.051259,Tawang Monpa:0.071744,Nimadi:0.046159,Culina:0.013137,Dhao:0.021179,Aweer:0.029824,Sundanese:0.976883,Achang:0.010367,Tangchangya:0.156947,Slovenian:0.051413,Surgujia:0.140075,Kwamera:0.037609,Welsh:0.423632,Dhundari:0.007748,Afrikaans:0.035936,Kumaoni:0.080376,Tagin:0.048489,Secoya:0.140701,Guarani:0.501211,Eastern Highland Chatino:0.007723,Turkmen:0.843035,Bulgarian:0.156295,Tereno:0.043152","Jalaun,Ghazipur,Varanasi,Budaun,Etah,JyotibaPhuleNagar,Muzzaffarnagar,Deoria,Gorakhpur,Hamirpur",Uttarpradesh
